full_name,Category
awslabs/datawig-sagemaker,Applied
cair/regression-tsetlin-machine,Applied
CAMeL-Lab/camel_tools,Applied
carsdotcom/skelebot,Applied
cbg-ethz/pybda,Applied
CBNU-Nnet/Artificial_Intelligence,Applied
clusterking/clusterking,Applied
DTUComputeStatisticsAndDataAnalysis/MBPLS,Applied
ECRL/ECNet,Applied
eternagame/EternaBrain,Applied
fritzlabs/fritz-repository,Applied
hypnosapos/visdom-docker,Applied
IBM/MAX-Text-Sentiment-Classifier,Applied
IBM/MAX-Audio-Sample-Generator,Applied
inception-project/external-recommender-spacy,Applied
mideind/ReynirCorrect,Applied
neptune-ml/neptune-quick-start,Applied
nlpAThits/figet-hyperbolic-space,Applied
osirislab/armana,Applied
PacktPublishing/Natural-Language-Processing-in-Practice,Applied
phievo/phievo,Applied
pln-fing-udelar/humor,Applied
polyaxon/polyaxon-schemas,Applied
ComputationalCryoEM/ASPIRE-Python,Applied
rirnet/rirnet,Applied
sintefneodroid/neo,Applied
skyportal/skyportal,Applied
src-d/ml-core,Applied
tasoc/starclass,Applied
tum-vision/lgm,Applied
ultralytics/wave,Applied
valohai/valohai-cli,Applied
Acellera/moleculekit,Applied
AlpacaDB/backlight,Applied
AssembleSoftware/IoTPy,Applied
astrazeneca-cgr-publications/mantis-ml-release,Applied
AVAuco/laeonet,Applied
BorgwardtLab/P-WL,Applied
BS-TrainingCenter/Gesture-Recognition-Mask-RCNN,Applied
friendsofagape/mt2414,Applied
ivclab/PAE,Applied
neptune-ai/neptune-lib,Applied
Octavian-ai/learning-rate-finder-tensorflow,Applied
ParrotPrediction/pyalcs,Applied
pFindStudio/pDeep,Applied
praekelt/feersum-nlu-api-wrappers,Applied
Roboy/tss18-robotsinmusicalimprovisation,Applied
guotong1988/BERT-GPU,Applied
rosette-api-community/rosettepedia,Applied
scikit-learn-contrib/mimic,Applied
sfu-natlang/HMM-Aligner,Applied
sintefneodroid/agent,Applied
UGentBiomath/wwdata,Applied
uwreact/uwreact_robot,Applied
affinis-lab/traffic-light-detection-module,Applied
AllenInstitute/mouse_connectivity_models,Applied
cbmi-uthsc/deepSepsis,Applied
font-bakers/knead,Applied
IXarea/LittleGAN,Applied
kscompsci/TAKING-IDENTITY-INFORMATION-WITH-CAMERA-BY-USING-TENSORFLOW-AND-OPENCV,Applied
malllabiisc/lcn,Applied
pathwayforte/pathway-forte,Applied
spacetelescope/jwql,Applied
triagemd/model-serving,Applied
UiO-CS/tf-wavelets,Applied
ultralytics/velocity,Applied
ur-whitelab/hoomd-tf,Applied
WattSocialBot/alana_learning_to_rank,Applied
braincreators/octconv,Applied
dlt-rilmta/emtsv,Applied
IBM/MAX-Speech-to-Text-Converter,Applied
iterative/example-get-started,Applied
lsa-pucrs/acerta-abide,Applied
ml-feeds/arxiv-ml-reviews,Applied
nearthlab/image-segmentation,Applied
pandoraboxchain/pyrrha-pynode,Applied
ParsianRoboticLab/Zero-Shot-Learning,Applied
Project-Road-Sign-Detection/Tensorflow-Street-Sign-Recognition,Applied
ai-med/nn-common-modules,Applied
autonomio/wrangle,Applied
Axelrod-Python/axelrod-dojo,Applied
ClarityCafe/Ivy,Applied
customink/lambdipy,Applied
grafit-io/grafit,Applied
HMS-IDAC/ImageForensics,Applied
trungnt13/odin-ai,Applied
innodatalabs/tbert,Applied
koalanlp/python-support,Applied
Merck/deepbgc,Applied
Neuraxio/Neuraxle,Applied
polyaxon/polyaxon-client,Applied
saksdirect/tophat,Applied
snipsco/snips-nlu-metrics,Applied
SpatialPerceptionNeuralNetwork/SOA_DORN_TF,Applied
SystemsGenetics/gene-oracle,Applied
undertheseanlp/sentiment,Applied
verifid/mocr,Applied
PennyLaneAI/pennylane-sf,Applied
PennyLaneAI/pennylane-pq,Applied
allenai/comb_dist_direct_relex,Applied
astropy/astrowidgets,Applied
cbmi-uthsc/pySickleCell,Applied
dair-iitd/BossNet,Applied
Esukhia/pybo,Applied
IBM/MAX-Image-Resolution-Enhancer,Applied
IBM/MAX-Facial-Emotion-Classifier,Applied
IBM/MAX-Image-Colorizer,Applied
IBM/MAX-Facial-Recognizer,Applied
IBM/MAX-ResNet-50,Applied
ivclab/NeuralMerger,Applied
mideind/Tokenizer,Applied
unbounce/pytorch-tree-lstm,Applied
wallarm/wallnet,Applied
aimagelab/art2real,Applied
ELS-RD/anonymisation,Applied
gigagenie/ai-makers-kit,Applied
IBM/MAX-Image-Completer,Applied
ITE-5th/image-captioning-gan,Applied
Mavengers/DonkeyDrift,Applied
nlpub/rdt,Applied
OFAI/hub-toolbox-python3,Applied
ONSdigital/address-index-data,Applied
Reasonence/Lingo,Applied
sigmaai/semantic-segmentation,Applied
undertheseanlp/languageflow,Applied
USDepartmentofLabor/soii_neural_autocoder,Applied
catalyst-team/classification,Applied
dcgym/iroko,Applied
gojibjib/jibjib-model,Applied
intel/dffml,Applied
jvn-io/fastai_slack,Applied
noc-lab/clinical_concept_extraction,Applied
uscensusbureau/SABLE,Applied
WHUIR/RAGE,Applied
Cloud-CV/EvalAI-Starters,Applied
IBM/MAX-Sports-Video-Classifier,Applied
IBM/MAX-Review-Text-Generator,Applied
IBM/MAX-News-Text-Generator,Applied
inab/BIOLITMAP,Applied
JetsGame/GroomRL,Applied
matcom/ml,Applied
pylangacq/pylangacq,Applied
TheMTank/ai-distillery,Applied
1and1/debianized-jupyterhub,Applied
aqlaboratory/pnerf,Applied
drivendataorg/zamba,Applied
IBM/MAX-Weather-Forecaster,Applied
IBM/MAX-Audio-Embedding-Generator,Applied
neptune-ml/neptune-examples,Applied
sonidosmutantes/apicultor,Applied
WorldWideTelescope/pywwt,Applied
BeamNG/BeamNGpy,Applied
DeFacto/DeFactoNLP,Applied
holm-aune-bachelor2018/ctc,Applied
IBM/MAX-Breast-Cancer-Mitosis-Detector,Applied
IBM/MAX-Fast-Neural-Style-Transfer,Applied
Niger-Volta-LTI/yoruba-text,Applied
pailabteam/pailab,Applied
PennyLaneAI/pennylane-forest,Applied
TIBHannover/GeoEstimation,Applied
verifid/facereg,Applied
zae-bayern/elpv-dataset,Applied
epfl-lara/treenet,Applied
IBM/MAX-Scene-Classifier,Applied
primitiv/primitiv-python,Applied
Qutuf/Qutuf,Applied
ubclaunchpad/minutes,Applied
undertheseanlp/automatic_speech_recognition,Applied
biocore/calour,Applied
fastai/fastai-nbstripout,Applied
IBM/MAX-Facial-Age-Estimator,Applied
malllabiisc/ConfGCN,Applied
neptune-ml/open-solution-cdiscount-starter,Applied
nert-nlp/streusle,Applied
nlpub/hyperstar,Applied
olivesgatech/facies_classification_benchmark,Applied
undertheseanlp/ner,Applied
WMD-group/SMACT,Applied
chembience/chembience,Applied
hypnosapos/cartpole-rl-remote,Applied
IBM/MAX-Inception-ResNet-v2,Applied
kern-lab/diploSHIC,Applied
lsaiml/CaVINet,Applied
peopledoc/mlvtools,Applied
SAPConversationalAI/SDK-python,Applied
yoshida-lab/XenonPy,Applied
mediacloud/sentence-splitter,Applied
datarobot/pic2vec,Applied
floydhub/mnist,Applied
ml-libs/mlserve,Applied
runwayml/model-template,Applied
ThoroughImages/EasySparse,Applied
csc-training/intro-to-dl,Applied
ivclab/agegenderLMTCNN,Applied
markovmodel/molPX,Applied
mideind/ReynirPackage,Applied
bio-ontology-research-group/walking-rdf-and-owl,Applied
bio-ontology-research-group/deepgo,Applied
Cloud-CV/evalai-cli,Applied
Oslandia/osm-data-classification,Applied
PhantomInsights/comments-generator,Applied
polyaxon/polyaxon-quick-start,Applied
tum-vision/learn_prox_ops,Applied
aistairc/seq2seq_temporal_attention,Applied
HYU-AILAB/ai-seminar,Applied
POSTECH-IMLAB/LaneSegmentationNetwork,Applied
undertheseanlp/word_tokenize,Applied
aimi-cn/AILearners,Applied
ml-tooling/ml-workspace,Applied
theislab/scgen,Applied
betterlife/betterlifepsi,Applied
diffgram/diffgram,Applied
hackingmaterials/automatminer,Applied
mackelab/delfi,Applied
mirapy-org/mirapy,Applied
theislab/diffxpy,Applied
ucloud/uai-sdk,Applied
undertheseanlp/classification,Applied
WHUIR/DAZER,Applied
LanguageMachines/PICCL,Applied
nlppln/nlppln,Applied
practicalAI/boilerplate,Applied
textgain/grasp,Applied
bioidiap/bob,Applied
carpyncho/feets,Applied
nengo/nengo-dl,Applied
clips/bratreader,Applied
scvae/scvae,Applied
shineware/PyKOMORAN,Applied
stelligent/sagemaker-pipeline,Applied
stereolabs/zed-tensorflow,Applied
tencent-alchemy/Alchemy,Applied
mikgroup/sigpy,Applied
nyumaya/nyumaya_audio_recognition,Applied
vecto-ai/vecto,Applied
hachmannlab/chemml,Applied
IBM/powerai-transfer-learning,Applied
AllenCellModeling/pytorch_integrated_cell,Applied
IBM/mi-prometheus,Applied
NRCan/geo-deep-learning,Applied
ParallelDots/ParallelDots-Python-API,Applied
prodo-dev/plz,Applied
cesium-ml/cesium_web,Applied
eellak/gsoc2018-3gm,Applied
Xilinx/graffitist,Applied
msdslab/automated-systematic-review,Applied
NatLibFi/Annif,Applied
silversparro/wav2letter.pytorch,Applied
logictensornetworks/logictensornetworks,Applied
malllabiisc/WordGCN,Applied
quadflor/Quadflor,Applied
RLOpensource/Relational_Deep_Reinforcement_Learning,Applied
runwayml/model-sdk,Applied
ctuning/ck-crowdtuning,Applied
BBVA/timecop,Applied
criteo/tf-yarn,Applied
IBM/MAX-Object-Detector,Applied
ku-nlp/pyknp,Applied
ncbi-nlp/NegBio,Applied
okpy/ok-client,Applied
ucam-smt/sgnmt,Applied
delph-in/pydelphin,Applied
IBM/tensorflow-kubernetes-art-classification,Applied
MaestroGraph/sparse-hyper,Applied
merantix/imitation-learning,Applied
cyberneuron/RT-CNN-Vis,Applied
google/graph_distillation,Applied
MIPT-Oulu/OAProgression,Applied
TensorPy/TensorPy,Applied
tue-robotics/image_recognition,Applied
BaderLab/saber,Applied
EducationalTestingService/rsmtool,Applied
i3thuan5/tai5-uan5_gian5-gi2_kang1-ku7,Applied
IntelAI/inference-model-manager,Applied
oval-group/dfw,Applied
aimagelab/novelty-detection,Applied
kylechenoO/AIOPS_PLATFORM,Applied
graphbrain/graphbrain,Applied
jhu-lcsr/costar_plan,Applied
malllabiisc/NeuralDater,Applied
ArtificiAI/Multilingual-Latent-Dirichlet-Allocation-LDA,Applied
elitcloud/elit,Applied
hailotech/seg-mentor,Applied
IBM/MAX-Image-Caption-Generator,Applied
idealo/nvidia-docker-keras,Applied
Stable-Baselines-Team/stable-baselines,Applied
comtravo/ctparse,Applied
CVLAB-Unibo/Semantic-Mono-Depth,Applied
Neuraxio/New-Empty-Python-Project-Base,Applied
PPPLDeepLearning/plasma-python,Applied
aistairc/market-reporter,Applied
for-ai/rl,Applied
Legilibre/legi.py,Applied
sipeed/MaixPy_scripts,Applied
Helsinki-NLP/HBMP,Applied
jvn-io/kernel-run,Applied
nanoporetech/taiyaki,Applied
neurodata/graspy,Applied
cosanlab/nltools,Applied
heroku/heroku-jupyterlab,Applied
pfnet-research/autogbt-alt,Applied
WZBSocialScienceCenter/germalemma,Applied
sbl-sdsc/mmtf-pyspark,Applied
SINGROUP/dscribe,Applied
deep-fry/mayo,Applied
RLOpensource/tensorflow_RL,Applied
inferno-pytorch/speedrun,Applied
apinf/ml-rest,Applied
FreeDiscovery/FreeDiscovery,Applied
drawbridge/keras-mmoe,Applied
IBM/MAX-Audio-Classifier,Applied
ai4ce/DeepMapping,Applied
cvlab-tohoku/Dense-CoAttention-Network,Applied
DFKI-NLP/TRE,Applied
uw-biorobotics/IKBT,Applied
pyro-ppl/funsor,Applied
MichiganCOG/M-PACT,Applied
aws-samples/deep-learning-models,Applied
BiometricVox/zAI,Applied
estnltk/estnltk,Applied
godot-extended-libraries/godot-tensorflow-workspace,Applied
NLPatVCU/medaCy,Applied
sorgerlab/indra,Applied
jupyterhub/jupyter-server-proxy,Applied
MLEveryday/homemade-machine-learning-cn,Applied
pescadores/pescador,Applied
PurduePAML/TrojanNN,Applied
ROCmSoftwarePlatform/Tensile,Applied
spcl/ncc,Applied
GT-RIPL/Continual-Learning-Benchmark,Applied
msmbuilder/osprey,Applied
diana-hep/pyhf,Applied
ai-med/squeeze_and_excitation,Applied
DwangoMediaVillage/Comicolorization,Applied
malllabiisc/HyTE,Applied
indix/whatthelang,Applied
kLabUM/rrcf,Applied
persephone-tools/persephone,Applied
alephdata/fingerprints,Applied
NVIDIA/Dataset_Utilities,Applied
scikit-learn-contrib/stability-selection,Applied
Calysto/conx,Applied
imatge-upc/sentiment-2017-imavis,Applied
onnx/sklearn-onnx,Applied
SMTorg/smt,Applied
ultralytics/xview-yolov3,Applied
HoloClean/holoclean,Applied
explosion/prodigy-recipes,Applied
AcutronicRobotics/ros2learn,Applied
Unisound/SampleRNN,Applied
snuspl/parallax,Applied
chainer/onnx-chainer,Applied
Octavian-ai/mac-graph,Applied
ucla-labx/distbelief,Applied
epic-kitchens/annotations,Applied
NIHOPA/word2vec_pipeline,Applied
bioinform/neusomatic,Applied
aiqm/torchani,Applied
metabrainz/acousticbrainz-server,Applied
XanaduAI/QMLT,Applied
HewlettPackard/dlcookbook-dlbs,Applied
omnisci/pymapd,Applied
alan-turing-institute/sktime,Applied
lfortran/lfortran,Applied
visipedia/tfrecords,Applied
thinkingmachines/christmAIs,Applied
NVlabs/learningrigidity,Applied
spotify/spotify-tensorflow,Applied
LEAGUE-OF-BME/InterviewFAQ,Applied
ImagingLab/Colorizing-with-GANs,Applied
marl/openl3,Applied
ModelZoo/ModelZoo,Applied
poldracklab/mriqc,Applied
NeuroTechX/moabb,Applied
SaltieRL/Saltie,Applied
Soluto/python-flask-sklearn-docker-template,Applied
uci-cbcl/D-GEX,Applied
scaleway/frontalization,Applied
cvjena/semantic-embeddings,Applied
msg-systems/holmes-extractor,Applied
KhronosGroup/NNEF-Tools,Applied
microsoft/snca.pytorch,Applied
CogComp/cogcomp-nlpy,Applied
IntelAI/models,Applied
SforAiDl/Neural-Voice-Cloning-With-Few-Samples,Applied
castorini/hedwig,Applied
imatge-upc/skiprnn-2017-telecombcn,Applied
plotly/dash-svm,Applied
analysiscenter/batchflow,Applied
thinkingmachines/geomancer,Applied
oval-group/mlogger,Applied
PIQuIL/QuCumber,Applied
google/mentornet,Applied
imatge-upc/rvos,Applied
EmuKit/emukit,Applied
monkeylearn/monkeylearn-python,Applied
DwangoMediaVillage/keras_compressor,Applied
PSLmodels/PCI-China,Applied
dialnd/imbalanced-algorithms,Applied
Morphl-AI/MorphL-Community-Edition,Applied
atomistic-machine-learning/schnetpack,Applied
dirty-cat/dirty_cat,Applied
CartoDB/cartoframes,Applied
svip-lab/PlanarReconstruction,Applied
textpipe/textpipe,Applied
mozilla/bugbug,Applied
netrack/keras-metrics,Applied
salesforce/glad,Applied
brainiak/brainiak,Applied
pymc-learn/pymc-learn,Applied
skggm/skggm,Applied
Epistimio/orion,Applied
TwentyBN/GulpIO,Applied
PhantomInsights/summarizer,Applied
hyperdashio/hyperdash-sdk-py,Applied
GT-RIPL/L2C,Applied
Pinafore/qb,Applied
spotify/pythonflow,Applied
castorini/castor,Applied
BerkeleyAutomation/gqcnn,Applied
spyder-ide/spyder-notebook,Applied
IntelAI/OpenVINO-model-server,Applied
molecularsets/moses,Applied
google/stereo-magnification,Applied
Speedml/speedml,Applied
glm-tools/pyglmnet,Applied
aqlaboratory/rgn,Applied
SenticNet/personality-detection,Applied
NVlabs/geomapnet,Applied
imatge-upc/retrieval-2017-cam,Applied
uchicago-cs/deepdish,Applied
blue-oil/blueoil,Applied
IQTLabs/poseidon,Applied
HazyResearch/fonduer,Applied
scikit-garden/scikit-garden,Applied
explosion/spacy-services,Applied
oxwhirl/smac,Applied
locuslab/icnn,Applied
HealthCatalyst/healthcareai-py,Applied
spatialaudio/nbsphinx,Applied
chakki-works/chazutsu,Applied
hellohaptik/chatbot_ner,Applied
zeusees/Mobilenet-SSD-License-Plate-Detection,Applied
XiaoMi/mobile-ai-bench,Applied
google-research/language,Applied
kymatio/kymatio,Applied
geomstats/geomstats,Applied
Baidu-AIP/python-sdk,Applied
thulab/DeepHash,Applied
allenai/scibert,Applied
Drakkar-Software/OctoBot,Applied
X-DataInitiative/tick,Applied
allenai/scispacy,Applied
anki/vector-python-sdk,Applied
PacktPublishing/Advanced-Deep-Learning-with-Keras,Applied
HLTCHKUST/Mem2Seq,Applied
imatge-upc/salgan,Applied
kakaobrain/torchgpipe,Applied
bigmlcom/python,Applied
neo-ai/neo-ai-dlr,Applied
instillai/Generative-Adversarial-Networks-Roadmap,Applied
dipy/dipy,Applied
YerevaNN/mimic3-benchmarks,Applied
vita-epfl/openpifpaf,Applied
cair/TsetlinMachine,Applied
zvtvz/zvt,Applied
msracver/Deep-Exemplar-based-Colorization,Applied
locuslab/optnet,Applied
onnx/onnxmltools,Applied
chakki-works/chakin,Applied
developmentseed/label-maker,Applied
uber-research/UPSNet,Applied
datmo/datmo,Applied
clovaai/deep-text-recognition-benchmark,Applied
h2oai/h2o4gpu,Applied
dbiir/UER-py,Applied
ScottfreeLLC/AlphaPy,Applied
locuslab/qpth,Applied
python-adaptive/adaptive,Applied
RobotLocomotion/pytorch-dense-correspondence,Applied
hudson-and-thames/mlfinlab,Applied
mme/vergeml,Applied
mila-iqia/babyai,Applied
huggingface/knockknock,Applied
aqlaboratory/proteinnet,Applied
wikipedia2vec/wikipedia2vec,Applied
Unity-Technologies/obstacle-tower-env,Applied
pyannote/pyannote-audio,Applied
scikit-multilearn/scikit-multilearn,Applied
PolyAI-LDN/conversational-datasets,Applied
HDI-Project/ATM,Applied
stanfordnlp/python-stanford-corenlp,Applied
theislab/scanpy,Applied
BYU-PCCL/holodeck,Applied
huggingface/transfer-learning-conv-ai,Applied
jupyterhub/zero-to-jupyterhub-k8s,Applied
baidu-research/NCRF,Applied
datalogue/keras-attention,Applied
jupyter-incubator/sparkmagic,Applied
summanlp/textrank,Applied
stan-dev/pystan,Applied
catalyst-team/catalyst,Applied
tensorly/tensorly,Applied
Cloud-CV/EvalAI,Applied
jupyter/nbgrader,Applied
probcomp/bayeslite,Applied
huggingface/hmtl,Applied
konlpy/konlpy,Applied
autonomio/talos,Applied
DragonComputer/Dragonfire,Applied
mne-tools/mne-python,Applied
yodaos-project/yodaos,Applied
databricks/spark-sklearn,Applied
geek-ai/MAgent,Applied
plasticityai/magnitude,Applied
nubank/fklearn,Applied
apachecn/pytorch-doc-zh,Applied
mozilla/TTS,Applied
automagica/automagica,Applied
jupyterhub/binderhub,Applied
scikit-learn-contrib/lightning,Applied
uber-research/deep-neuroevolution,Applied
jupyter/nbdime,Applied
NVIDIA/DeepRecommender,Applied
mapbox/robosat,Applied
CSAILVision/gandissect,Applied
doccano/doccano,Applied
microsoft/human-pose-estimation.pytorch,Applied
instacart/lore,Applied
scikit-optimize/scikit-optimize,Applied
PaddlePaddle/LARK,Applied
huggingface/neuralcoref,Applied
jupyter/nbviewer,Applied
deepmind/dm_control,Applied
NVlabs/MUNIT,Applied
deepchem/deepchem,Applied
dmlc/gluon-nlp,Applied
ultralytics/yolov3,Applied
salesforce/decaNLP,Applied
google/tangent,Applied
IDSIA/sacred,Applied
DistrictDataLabs/yellowbrick,Applied
google-research/google-research,Applied
pandas-profiling/pandas-profiling,Applied
lyst/lightfm,Applied
OpenNMT/OpenNMT-py,Applied
MycroftAI/mycroft-core,Applied
NVIDIA/pix2pixHD,Applied
okfn-brasil/serenata-de-amor,Applied
apache/tvm,Applied
dmlc/tvm,Applied
mlflow/mlflow,Applied
jupyterhub/jupyterhub,Applied
ludwig-ai/ludwig,Applied
pyro-ppl/pyro,Applied
deepmind/pysc2,Applied
d2l-ai/d2l-zh,Applied
apachecn/AiLearning,Applied
aabbcc1234mxd/OCR,Applied
Aayush-Ankit/puma-simulator,Applied
abojchevski/paican,Applied
ad12/DOSMA,Applied
adhaamehab/arabicnlp,Applied
adions025/XMLtoJson_Mask_RCNN,Applied
afperezm/acoustic-images-distillation,Applied
ai-word/Artificial-Intelligence,Applied
aiengineer/NUSCCF,Applied
aldro61/mmit,Applied
AliAbbasi/Numerically-Stable-Cross-Entropy-Loss-Function-Tensorflow,Applied
amobiny/Capsule_Network_Tensorflow,Applied
AnkitRai/PlantClassify_DeepLearning,Applied
antoinecarme/keras2sql,Applied
ArkinDharawat/DeepImageRanking,Applied
armujahid/appengine-tensorflow-python3,Applied
astier/model-free-episodic-control,Applied
AvinashSingh786/Fraud-Analysis,Applied
axegon/tf2_malaria_cell_detection,Applied
bjascob/LemmInflect,Applied
brendanhasz/probflow,Applied
bryanlimy/rnn-lie-detector,Applied
Cartus/AMR-Parser,Applied
catnlp/metaLSTM,Applied
cetinsamet/attribute-label-embedding,Applied
chenchongthu/EATNN,Applied
chrisPiemonte/url2vec,Applied
conan7882/triplet-loss,Applied
cooliscool/LISA-on-SSD-mobilenet,Applied
Cw-zero/Retrain-yolo3,Applied
cyschneck/Hydra,Applied
dangne/GiangGO,Applied
dimitreOliveira/HousePrices,Applied
dlebech/lyrics-generator,Applied
Ekim-Yurtsever/DeepTL-Lane-Change-Classification,Applied
ell-hol/mpc-DL-controller,Applied
emlynjdavies/PySilCam,Applied
erikvdplas/gru-rnn,Applied
FlorentF9/DESOM,Applied
fractalego/subjectivity_classifier,Applied
franciscovillaescusa/Quijote-simulations,Applied
fsx950223/MobilenetV3,Applied
GaoQ1/seqgan,Applied
hollygrimm/art-composition-cnn,Applied
hoya012/shake-shake-tensorflow,Applied
huyz1117/BAM,Applied
HypoX64/DeepMosaics,Applied
iArunava/Dinosaur-Land,Applied
IDKiro/CBDNet-pytorch,Applied
incalia/schedy-client,Applied
akihiro-inui/MusicGenreClassifiaction,Applied
Isminoula/TextNormSeq2Seq,Applied
jacknlliu/docker-stacks,Applied
Jacobvs/DDOS-ML-Detection,Applied
jantrienes/ecir2019-qac,Applied
GodelTech/ml_rest_api,Applied
Jimut123/wisp,Applied
JJSrra/Research-SocioinspiredAlgorithms,Applied
jonasrauber/linear-region-attack,Applied
jonnedtc/Shake-Shake-Keras,Applied
JustAnOwlz/Face-Denoising,Applied
jymsuper/SpeakerRecognition_tutorial,Applied
kamenbliznashki/generative_models,Applied
kauziishere/lowLightImageEnhancement,Applied
kenlimmj/fightin-words,Applied
kiankd/corel2019,Applied
kolszewska/QuickDrawClassifier,Applied
krrish94/ENet-ScanNet,Applied
KushagraChauhan/Face-Recognition,Applied
LalithBharadwaj/Linear-Regression-from-Scratch,Applied
limteng-rpi/neural_name_tagging,Applied
linbo0518/CVBenchmarks,Applied
M4gicT0/hybrid-dataset-factory,Applied
ma-zhiyuan/PersonalRecommendation,Applied
MathBunny/strava-wind-analysis-ml,Applied
maxrousseau/pfla,Applied
mdkearns/automated-data-preprocessing,Applied
meowoodie/Regularized-RBM,Applied
MerceaOtniel/AlphaZero,Applied
mingyangShang/SeqViews2SeqLabels,Applied
mir-am/LightTwinSVM,Applied
moono/GANs,Applied
motokimura/octconv_pytorch,Applied
MurtyShikhar/KBI,Applied
niquejoe/Classification-of-Depression-on-Social-Media-Using-Text-Mining,Applied
nitinkathpalia09/Automatic-Lyrics-Generator-Using-Markov-Models,Applied
nyuxz/ds1008_final_project,Applied
octohedron/sclapi,Applied
off99555/superkeras,Applied
pirate/experiments,Applied
proycon/foliatools,Applied
pshkrh/asl-py,Applied
r-m-n/sklearn-deltatfidf,Applied
ranjiewwen/TF_EnhanceDPED,Applied
raphaelauv/Paris-Traffic-Prediction,Applied
rmalav15/DHSGAN,Applied
ryanfwy/BCNN-keras-clean,Applied
sahilbadyal/language-detection-speech-using-dnn,Applied
sfujiwara/tfmodel,Applied
Shenggan/DeepCell-Keras,Applied
shubhi-sareen/Sentiment-Analysis,Applied
SiteHuang/COMP90055-Spider-Object-Detection,Applied
sleepyfoxen/nltk_model,Applied
sparisi/tensorl,Applied
stevexyz/SlyMlego,Applied
stevezheng23/language_model_tf,Applied
Stick-To/ResNeXt-tensorflow,Applied
surajkra/Automatic-Classification-of-Schizophrenic-Healthy-controls-using-Resting-state-Network-fMRI,Applied
theeluwin/pytorch-quadratum,Applied
thiagopbueno/tf-plan,Applied
tim-hub/generals.io-python-bot-TNT,Applied
timctho/random-wired-nn-tensorflow,Applied
tranbahien/CTC-OCR,Applied
viraja1/crack_detection,Applied
vkuznet/MLaaS4HEP,Applied
vliu15/3d-brain-tumor-segmentation,Applied
vvsotnikov/LSTM-IDS,Applied
woongbinchoi/English-Premier-League-Prediction,Applied
VITA-Group/ALISTA,Applied
xyguo/clusterz,Applied
YugantM/textcleaner,Applied
yusugomori/dl-book-generative,Applied
yzkang/QLM-Tianchi,Applied
zainsiddiqui/Predicting-Survival-on-Titanic-with-Machine-Learning-and-Graphical-User-Interface,Applied
zappybiby/EuroTruckAutopilot,Applied
zsef123/DropMax-pytorch,Applied
2Bear/othello-zero,Applied
adityashrm21/music-classification-cnn-pytorch,Applied
ahmdtaha/tf_retrieval_baseline,Applied
ahmed-mez/keras-rest-API,Applied
Alisa-lisa/nn_generator,Applied
amirassov/retinanet,Applied
AnblueWang/cnn-relation-extraction-with-ranking-loss,Applied
AngusMonroe/BLSTM-CRF-NER,Applied
anirudhsom/Perturbed-Topological-Signature,Applied
apacha/Mensural-Detector,Applied
apayne19/DoubleAuctionMarket,Applied
Apm5/tensorflow_2.0_example,Applied
aryanmisra/Skin-Lesion-Classifier,Applied
Barqawiz/Snnapy2-Filters,Applied
benedekrozemberczki/GRAF,Applied
benjaminirving/coreml-simple-demo,Applied
BigBigRadish/Causal_event,Applied
cenkcorapci/fashion-parser,Applied
ColasGael/Automatic-Video-Colorization,Applied
conan7882/neural-style,Applied
cosimoiaia/Tensorflow-Chatbot-Italian,Applied
CT83/Facial-Recognition-Attendance-System,Applied
CVxTz/EEG_classification,Applied
CyberZHG/wiki-dump-reader,Applied
dgodinez77/LIA,Applied
diganthp/pi-vision,Applied
dllllb/ds-tools,Applied
dougsm/mvp_grasp,Applied
engapa/modeldb-basic,Applied
ErikGartner/hyperdock,Applied
fabiotosi92/CCNN-Tensorflow,Applied
fenglei110/Interview-notes,Applied
fepegar/vesseg,Applied
foobar98/ML_Linear_Regression_Interactive,Applied
fuzimaoxinan/Pytorch-Deep-Neural-Networks,Applied
GalDude33/Fetal-MRI-Segmentation,Applied
gamcoh/Object-Detection-Tools,Applied
GitLanx/Semantic-Segmentation-PyTorch,Applied
goruck/edge-tpu-servers,Applied
guanfuchen/cifarclassify,Applied
guotong1988/Chinese-NER-joint-intent,Applied
hadifar/tensorflow-starter,Applied
heronimus/Inpainting-GPU,Applied
HiKapok/DAN,Applied
Hsankesara/Draughts-AI,Applied
hsm207/bert_attn_viz,Applied
HunterLarco/ghilbi-gan,Applied
ianscottknight/Musical-Genre-Classification-of-Song-Lyrics,Applied
ishalyminov/bag_of_words_classification,Applied
itsmehemant123/gpt2-discord-bot,Applied
jamesgeorge007/Gender-Classifier,Applied
jaredwinick/img2vec-keras,Applied
JeevanSandhu/Intrusion-Detection,Applied
jh-jeong/selective-convolution,Applied
SeisNN/SeisNN,Applied
JustinGOSSES/predictatops,Applied
KieranLitschel/PredictingClosingPriceTomorrow,Applied
kinosal/optimizer,Applied
knjcode/pytorch-finetuner,Applied
krayush07/deep-attention-text-classifier-tf,Applied
lucasxlu/TransFBP,Applied
mapmeld/aoc_reply_dataset,Applied
marcwww/nsp,Applied
mgoubran/DASH3R,Applied
MichaelKonobeev/adashift,Applied
MikhailStartsev/deep_em_classifier,Applied
minar09/Fashion-Clothing-Parsing,Applied
MingtaoGuo/RNN-TensorFlow,Applied
MRYingLEE/Stock-Price-Specific-LSTM,Applied
nardeas/sleephow,Applied
ongteckwu/Resume-Rater,Applied
paintception/DeepChess,Applied
peterwhycs/T-BEAR,Applied
pineoc/Deep-Learning-scratch-study,Applied
prakharcode/yolo-server,Applied
r05323028/TNet-tensorflow,Applied
rajatgarg149/Stock-Trading-using-RRL,Applied
rajeev29five/Machine_Learning,Applied
Ralireza/ml-newbie,Applied
RanchMobile/Tamil-AI,Applied
riochr17/Analisis-Sentimen-ID,Applied
riscy/machine_learning_linear_models,Applied
rochakgupta/aco-tsp,Applied
MousaviSajad/SleepEEGNet,Applied
salihkaragoz/slack-tracker,Applied
sirfoga/pygce,Applied
Spground/DLToy,Applied
stevezheng23/seq2seq_tf,Applied
Stick-To/PyramidNet-tensorflow,Applied
Stick-To/DPN-tensorflow,Applied
Stick-To/Octconv-ResNet-tensorflow,Applied
takahi-i/pfm,Applied
tea1528/Non-Local-NN-Pytorch,Applied
TensorTom/colabctl,Applied
tomekkorbak/treehopper,Applied
topazape/LSTM_Chem,Applied
vaibhavmagon/Python-Spam-Ham-SMS,Applied
vlomonaco/crlmaze,Applied
VSainteuf/izitorch,Applied
williamgilpin/convoca,Applied
x4nth055/emotion-recognition-using-speech,Applied
Xachap/Neuro-FLOPER,Applied
xdebron/mybabe,Applied
yusugomori/deeplearning-pytorch,Applied
zhongbin1/DeepMatching,Applied
zhongpeixiang/SemEval2019-Task3-EmotionDetection,Applied
zoujx96/adversarial_BFGS_TensorFlow,Applied
921kiyo/3d-dl,Applied
AkJoshi19/MachineLearning_A_Z,Applied
AlessioTonioni/tf-objdetector,Applied
Alina-chan/realtime-object-detection,Applied
amir-jafari/Deep-Learning,Applied
amirassov/youtrain,Applied
andreasgrv/johnny,Applied
AndreFCruz/coref-web-platform,Applied
ankanbhunia/AdverseBiNet,Applied
apacha/MusicScoreClassifier,Applied
arm61/pylj,Applied
avilash/pytorch-siamese-triplet,Applied
AyanKumarBhunia/Handwriting_Recogition_using_Adversarial_Learning,Applied
bachsh/deep-karaoke-maker,Applied
benedekrozemberczki/MUSAE,Applied
benedekrozemberczki/BoostedFactorization,Applied
bryanlimy/neural-dependency-parser,Applied
Cartus/DCGCN,Applied
cftang0827/pedestrian_detection_ssdlite,Applied
chuanenlin/optical-flow,Applied
claudio-unipv/quasi-unsupervised-cc,Applied
DanielJDufour/language-detector,Applied
davipatti/birdbrain,Applied
dcavar/Flair-JSON-NLP,Applied
dcavar/Py-JSON-NLP,Applied
Deepakchawla/Mobile-Phone-Dataset-GSMArena,Applied
devanshkv/fetch,Applied
duketemon/pyuplift,Applied
elvisun/Chinese-poem-generator,Applied
emacski/tensorflow-serving-arm,Applied
felixriese/susi,Applied
foamliu/Machine-Translation,Applied
gengyanlei/Semi-Supervised-Semantic-Segmentation-GAN,Applied
GuodongQi/yolo3_tensorflow,Applied
guotong1988/table2answer,Applied
guotong1988/LeakGAN-python3,Applied
hasbisevinc/ClickBait-Detector,Applied
Hellcatzm/SSD_Realization_TensorFlow,Applied
ikegami-yukino/oseti,Applied
JamesQuintero/Recession-Indicator,Applied
jangsoopark/IDN-TensorFlow,Applied
jeffkinnison/shadho,Applied
jerrygaoLondon/jgtextrank,Applied
JGuymont/vae-anomaly-detector,Applied
jim-schwoebel/download_audioset,Applied
jkoutsikakis/pytorch-wrapper,Applied
joehammer934/MGN-ReId,Applied
JosieHong/CNNs_for_classifing_CIFAR10,Applied
bankroll-py/bankroll,Applied
lonePatient/BiLSTM-CRF-NER-PyTorch,Applied
loserChen/TensorFlow-In-Practice,Applied
Mainak431/List-of-Differentiable--OPs-and-Non-differentiable-OPs--in-Tensorflow,Applied
MLEnthusiast/MHCLN,Applied
mocherson/portableNLP,Applied
nardeas/MHGAN,Applied
NestorRV/HOG,Applied
nicolay-r/sentiment-pcnn,Applied
nuric/deeplogic,Applied
omurammm/apex_dqn,Applied
perslev/MultiPlanarUNet,Applied
proceduralia/pytorch-neural-enhance,Applied
rakshit-agrawal/LEAP,Applied
rollingstarky/Python-Voice-Assistant,Applied
romanrosh/airbnb-web-scaper,Applied
rufinv/VAE-GAN-CelebA,Applied
ruiqigao/GridCell,Applied
Ryan-Amaral/PyTPG,Applied
satopirka/nlp-nnabla,Applied
shirosaidev/airbnbbot,Applied
Stick-To/ResNet-tensorflow,Applied
Stick-To/Inception-tensorflow,Applied
Stick-To/WideResNet-tensorflow,Applied
Stick-To/Online_Image_Augmentor_tensorflow,Applied
Stick-To/YOLO-tensorflow,Applied
Stick-To/SSD-tensorflow,Applied
tblock/10kGNAD,Applied
tonyjo/edlsm_pytorch,Applied
thisisiron/nmt-attention-tf2,Applied
Walleclipse/AGPC,Applied
willingc/circuitpython_kernel,Applied
wmylxmj/Face-Recognition,Applied
YijianZhou/CDRP_TF,Applied
korenyoni/opus-api,Applied
yusugomori/barbar,Applied
Zhengyu-Li/Deep-Network-Compression-based-on-Student-Teacher-Network-,Applied
1234560o/Bert-model-code-interpretation,Applied
acht7111020/ADLxMLDS2017,Applied
agoose77/GOAP,Applied
ajaysub110/A-Neural-Compositional-Paradigm-for-Image-Captioning,Applied
anibali/margipose,Applied
annomator/annomator_1.0,Applied
Anurag14/accessfaceid,Applied
benedekrozemberczki/HullCoverConditionedUnitDiskGraph,Applied
benedekrozemberczki/FSCNMF,Applied
beringresearch/ivis,Applied
bingo619/bintorch,Applied
BorjaGomezSolorzano/deep-trader,Applied
buptxiaofeng/seizure-prediction,Applied
Ciaran1981/geospatial-learn,Applied
dcavar/spaCy-JSON-NLP,Applied
DeepTrial/DL_Segmention_Template,Applied
dhondta/malicious-macro-tester,Applied
doubleQ2018/Deep-learning-for-contact_map_v2,Applied
DylanModesitt/political-sentiment,Applied
Ewenwan/Learn_TensorFLow,Applied
foamliu/Reading-Comprehension,Applied
foamliu/Facial-Expression-Prediction,Applied
gdamdam/sumo,Applied
haibincoder/DjangoTensorflow,Applied
Hsuxu/Two-branch-CNN-Multisource-RS-classification,Applied
huckiyang/EyeNet2,Applied
HypoX64/candock,Applied
imeckr/msaic_2018,Applied
ixarchakos/nba-games,Applied
jacobkimmel/lanternfish,Applied
JGuillaumin/swa-tf,Applied
jiangruoqiao/RICNN_GongCheng_CVPR2015,Applied
jimeffry/MTCNN-TF,Applied
jiuxianghedonglu/MMC-TOP40-Solution,Applied
JKozerawski/siamese-network,Applied
junqiangchen/Unet_3d,Applied
KID1412999/QA,Applied
linchuming/ImageSR-Tensorflow,Applied
linuxscout/arabicstopwords,Applied
liuxinhai/Point2Sequence,Applied
lukasc-ch/CBinfer,Applied
MartinThoma/clana,Applied
meowoodie/Spatio-Temporal-Point-Process-Simulator,Applied
mj000001/Object-Detection-And-Tracking,Applied
LanderMoerkerke/camera-feed-object-detector-tf-serve,Applied
monatis/emo-cv,Applied
MuhammedBuyukkinaci/Object-Classification-and-Localization-with-TensorFlow,Applied
navierula/mood-class,Applied
nicholaskajoh/ML_Chops,Applied
NiMlr/High-Dim-ES-RL,Applied
omkarv/pong-from-pixels,Applied
otenim/ALI-Keras2,Applied
pavel-aicradle/projection-pursuit,Applied
petko-nikolov/pysemseg,Applied
RandolphVI/Next-Basket-Recommendation,Applied
ranjiewwen/TF_NIMA,Applied
roeeaharoni/sprp-acl2018,Applied
sanjit-bhat/Var-CNN,Applied
sbrodehl/tf-boilerplate,Applied
sebastiani/pytorch-attention-augmented-convolution,Applied
shanepeckham/CustomSpeech-Processing-Pipeline,Applied
smitshilu/AISecurityCamera,Applied
sotetsuk/paicli,Applied
Stick-To/DLA-tensorflow,Applied
trevor-m/tensorflow-bicubic-downsample,Applied
VectorFist/CNN-Fusion,Applied
vince-xunzhe/Convex-Optimizer-in-Deep-Learning,Applied
vivek3141/streamer-ai,Applied
wkentaro/chainer-cyclegan,Applied
WladimirSidorenko/PotTS,Applied
WLM1ke/poptimizer,Applied
wmylxmj/Anime-Super-Resolution,Applied
xinshuoweng/Xinshuo_PyToolbox,Applied
XXXalice/EngineSSL,Applied
y2l/social-relation-tensorflow,Applied
yuewang-cuhk/HashtagGeneration,Applied
Zsailer/jupyter_config_overview,Applied
aayux/glove-text-cnn,Applied
adzialocha/tomomibot,Applied
ahmdtaha/FineGrainedVisualRecognition,Applied
amalF/RCNN,Applied
Assios/Bottios,Applied
bareblackfoot/lddp-tf-faster-rcnn,Applied
brandonrobertz/artificial_seinfeld,Applied
CryoliteZ/Plants-Identification,Applied
Desklop/Voice_ChatBot,Applied
dimimal/semantics_segmentation_of_urban_environments,Applied
douglasrizzo/dodo_detector_ros,Applied
dtrckd/pymake,Applied
FriedRonaldo/GANs,Applied
GiteshJ/Breast-Cancer-Phase-Detection,Applied
hanranCode/ImageDT,Applied
HareeshBahuleyan/probabilistic_nlg,Applied
hengluchang/visualizing_contextual_vectors,Applied
hiram64/temporal-ensembling-semi-supervised,Applied
jackyzha0/DroneNet,Applied
jcreinhold/synthtorch,Applied
jtourille/yaset,Applied
justusschock/shape-constrained-network,Applied
kklemon/keras-loves-torchtext,Applied
KMouratidis/EDA_miner,Applied
LuJunru/SMPCUP2017_ELP,Applied
MaxHalford/starboost,Applied
mbanani/pytorch-clickhere-cnn,Applied
mbchang/crl,Applied
mesnico/learning-relationship-aware-visual-features,Applied
mesutpiskin/id-card-detector,Applied
mpkuse/cartwheel_train,Applied
MuhammedBuyukkinaci/TensorFlow-Binary-Image-Classification-using-CNN-s,Applied
peri044/STT,Applied
permfl/dictlearn,Applied
prateeksawhney97/Behavioral-Cloning-Project-P4,Applied
roclark/basketball-predictor,Applied
SanjayKhatwani/Handwritten-Math-Expression-Recognition,Applied
SleyAI/Biomedical-Segmentation-with-PyTorch,Applied
SSSxCCC/AlphaZero-In-Unity,Applied
sunyumark/ScaDec-deep-learning-diffractive-tomography,Applied
t04glovern/stylegan-pokemon,Applied
tahaHichri/ML-fomo,Applied
Timthony/document-scan-on-the-phone,Applied
vgtomahawk/Charmanteau-CamReady,Applied
vliu15/qanet,Applied
vliu15/dialogue-seq2seq,Applied
wittawatj/fsic-test,Applied
zfgao66/deeplearning-mpo,Applied
zlsh80826/image-caption-tf,Applied
alldbi/Factorized-Spatial-Embeddings,Applied
anoopkunchukuttan/geomm,Applied
arose13/rosey,Applied
Bartzi/loans,Applied
bryanlimy/tf2-transformer-chatbot,Applied
cmhungsteve/TA3N,Applied
cosmic-cortex/pytorch-UNet,Applied
danhper/bigcode-tools,Applied
darpan-jain/crowd-counting-using-tensorflow,Applied
davidhaohanli/Abnormal-Behaviour-Detection,Applied
dlarsen5/AdaptiveSFM,Applied
GISDev01/tweets-nlp-elasticsearch,Applied
ICLRandD/Blackstone,Applied
jcmgray/autoray,Applied
JiaminRen/CVdevKit,Applied
jkkummerfeld/slate,Applied
Katexiang/ERF-PSPNET,Applied
kidden/asr-digits,Applied
knorth55/chainer-dense-fusion,Applied
koriavinash1/DeepBrainSeg,Applied
linbo0518/BLSeg,Applied
liny23/tensorflow-TextMountain,Applied
lucasayres/url-feature-extractor,Applied
lzhbrian/metrics,Applied
m-zakeri/iust_deep_fuzz,Applied
mayorx/rcf-edge-detection,Applied
microljy/DREN_Tensorflow,Applied
MingtaoGuo/Deep-Feature-Interporlation-Face-Attribute-manipulation-Glasses-Remove-Youth2Senior-etc.-TensorFlow,Applied
MingtaoGuo/Residual-Dense-Network-Trained-with-cGAN-for-Super-Resolution,Applied
misokg/NIPS2017,Applied
mohammaduzair9/Style-Classification,Applied
monologg/naver-nlp-challenge-2018,Applied
niksaz/dota2-expert-demo,Applied
nppoly/cyac,Applied
PAN001/MNIST-digit-sequence-recognition,Applied
pcyin/pytorch_basic_nmt,Applied
Piyush-Bhardwaj/EEG-based-emotion-analysis-using-DEAP-dataset-for-Supervised-Machine-Learning,Applied
platisd/bad-commit-message-blocker,Applied
PrimozGodec/ImageColorization,Applied
QuantumTCode/FIRST-MLWorkshop,Applied
rk2900/DLF,Applied
roberthangu/snn_object_recognition,Applied
RobMcH/CYK-Parser,Applied
rrfaria/IQOPTION-ML-TRADER,Applied
s14t284/TorchCRF,Applied
sedflix/DeepCoherence,Applied
stephenjfox/Morph.py,Applied
tdeboissiere/SuperNNova,Applied
vinayakumarr/Android-Malware-Detection,Applied
yao23/Machine_Learning_Playground,Applied
zixuanweeei/atec-sim,Applied
AdivarekarBhumit/ID-Card-Segmentation,Applied
akashdeepjassal/mnist-flask,Applied
AliOsm/arabic-text-diacritization,Applied
andrew-houghton/moon-board-climbing,Applied
angetato/Optimizers-for-Tensorflow,Applied
apacha/MusicSymbolClassifier,Applied
Barbany/Multi-speaker-Neural-Vocoder,Applied
brent-stone/CAN_Reverse_Engineering,Applied
cuixuage/Machine_Learning,Applied
cydonia999/Learning_to_See_in_the_Dark_PyTorch,Applied
daniel-muthukrishna/astrodash,Applied
deepdiy/deepdiy,Applied
eigenfoo/modo-de-ambar,Applied
fpaupier/tensorflow-serving_sidecar,Applied
gabrieltseng/pycrop-yield-prediction,Applied
jmhessel/catrank,Applied
kainoj/colnet,Applied
khushhallchandra/tf-semseg,Applied
laactech/foxcross,Applied
Liebeck/spacy-sentiws,Applied
lucasxlu/FGVC,Applied
michellebonat/tf_text_classify,Applied
moebg/retailbox,Applied
MuhammedBuyukkinaci/TensorFlow-Sentiment-Analysis-on-Amazon-Reviews-Data,Applied
muneebaadil/line-detection-using-cnns,Applied
PINTO0309/OpenVINO-ADAS,Applied
PratikBarhate/question-classification,Applied
priyankshah7/hypers,Applied
resotto/python3-docker-devenv,Applied
RilaShu/skip-gram-Chinese,Applied
rknaebel/landslide,Applied
RomanovMikeV/setka,Applied
sedthh/lara-hungarian-nlp,Applied
Tamuel/TF_SemanticSegmentation,Applied
thomaskuestner/CNNArt,Applied
vietnguyen91/Character-level-cnn-tensorflow,Applied
RobertCsordas/dnc,Applied
ziqizhang/chase,Applied
abdullah-K/face-recognition,Applied
adavoudi/spdnet,Applied
agakshat/visualdialog-pytorch,Applied
alvinwan/timefhuman,Applied
amalF/Kervolution,Applied
AnthonyMRios/multi-label-zero-shot,Applied
AnthonyMRios/leml,Applied
benedekrozemberczki/GraRep,Applied
csvance/keras-mobile-detectnet,Applied
CVxTz/graph_classification,Applied
donlee90/icarl,Applied
DrSleep/DenseTorch,Applied
FlashTek/show-attend-and-tell-keras,Applied
gentaiscool/lstm-attention,Applied
greatshi/pybtc,Applied
grigorisg9gr/rocgan,Applied
gyang274/visual-search,Applied
hiyouga/PBAN-PyTorch,Applied
IDKiro/CBDNet-tensorflow,Applied
ildoonet/unsupervised-data-augmentation,Applied
JingqingZ/KG4ZeroShotText,Applied
junqiangchen/FeaturePointDetection,Applied
KChen89/Cell-Nuclei-Detection-and-Segmentation,Applied
miroozyx/BERT_with_keras,Applied
philgooch/abbreviation-extraction,Applied
pmariglia/showdown,Applied
prajjwal1/person-reid-incremental,Applied
remykarem/python2jupyter,Applied
rfeinman/learning-to-learn,Applied
rsokl/noggin,Applied
samuelstjean/nlsam,Applied
sld/supervised-embedding-model,Applied
Stick-To/light-head-rcnn-tensorflow,Applied
ValentinRicher/emotion-recognition-GAN,Applied
Verma314/Face-Recognition-on-live-data,Applied
vshantam/Age-Prediction,Applied
yifita/3PU_pytorch,Applied
Zhenye-Na/reinforcement-learning-stanford,Applied
ZhenyuTan/Noise2Noise-Cryo-EM-image-denoising,Applied
zhouyanasd/DL-NC,Applied
AceCoooool/pytorch-cv,Applied
adik993/ppo-pytorch,Applied
alexandra-chron/ntua-slp-wassa-iest2018,Applied
alexarnimueller/som,Applied
Andrew03/transformer-abstractive-summarization,Applied
BrambleXu/news-graph,Applied
bsamseth/tictacNET,Applied
cassiobotaro/sentibol,Applied
CoderPat/OpenGNN,Applied
CVxTz/face_age_gender,Applied
CVxTz/ECG_Heartbeat_Classification,Applied
dgriffiths3/ml_segmentation,Applied
diningphil/CGMM,Applied
Hoiy/berserker,Applied
Hourout/GAN-keras,Applied
imfunniee/pymine,Applied
ivan-vasilev/atpy,Applied
jinnovation/derain-net,Applied
justinshenk/fer,Applied
leekyungmoon/WatchOUT,Applied
luizgh/avc_nips_2018,Applied
MaybeShewill-CV/nsfw-classification-tensorflow,Applied
MengtingWan/grocery,Applied
Nikronic/CoarseNet,Applied
Oreobird/tf-keras-deep-head-pose,Applied
PingjunChen/pyslide,Applied
potterhsu/easy-fpn.pytorch,Applied
RhythmJnh/TF_SMPL,Applied
rish-16/Network-Optimisation,Applied
rmalav15/Super-SloMo,Applied
MousaviSajad/ECG-Heartbeat-Classification-seq2seq-model,Applied
seed-fe/face_recognition_using_opencv_keras_scikit-learn,Applied
Sierkinhane/AtrousPose,Applied
simonfqy/PADME,Applied
xingchensong/Speech-Transformer-tf2.0,Applied
stevezheng23/sequence_labeling_tf,Applied
Stick-To/RetinaNet-tensorflow,Applied
Tian312/EliIE,Applied
Tramac/DenseVoxNet-tensorflow,Applied
web64/nlpserver,Applied
ykwang11/TSN-Tensorflow-unofficial,Applied
yonghankim/Mask-RCNN,Applied
yunchuankong/GEDFN,Applied
AhmedImtiazPrio/Keras-AudioDataGenerator,Applied
aligholami/SimpNet-Tensorflow,Applied
AmeyaWagh/Traffic_sign_detection_YOLO,Applied
amirouche/sensimark,Applied
belzebalex/wargames,Applied
benedekrozemberczki/RolX,Applied
celarex/STS-CNN-STSbenchmark-Semantic-Similarity-Semantic-Textual-Similarity-CNN-HCTI-Tensorflow-Keras,Applied
dabasajay/YOLO-Object-Detection,Applied
Droidtown/ArticutAPI,Applied
ealcobaca/pymfe,Applied
evhart/crees,Applied
fediazgon/cone-detector-tf,Applied
gbnk0/simple-image-classifier,Applied
GilesStrong/lumin,Applied
hank110/bagofconcepts,Applied
haqishen/MFNet-pytorch,Applied
includeamin/WBC-Classification,Applied
junqiangchen/AttentionGatedVNet3D,Applied
keitakurita/Better_LSTM_PyTorch,Applied
lazybootsafe/AI2Match,Applied
liupei101/TFDeepSurv,Applied
MingtaoGuo/CNN-for-Chinese-Calligraphy-Styles-classification,Applied
NickleDave/hybrid-vocal-classifier,Applied
niranjanreddy891/Object-Detection-using-LiDAR,Applied
omegaml/omegaml,Applied
Shathra/comparing-trajectory-clustering-methods,Applied
shepnerd/outpainting_srn,Applied
Smith42/XDF-GAN,Applied
ssydasheng/GPflow-Slim,Applied
SuperKogito/Voice-based-gender-recognition,Applied
TimoBolkart/TF_FLAME,Applied
TimRivoli/Stock-Price-Trade-Analyzer,Applied
tommytracey/DeepRL-P3-Collaboration-Competition,Applied
tritemio/FRETBursts,Applied
tsoernes/gfsopt,Applied
vaibhavshukla182/Brain-MRI-Segmentation,Applied
wywongbd/statistical-arbitrage-18-19,Applied
Z-Zheng/SimpleCV,Applied
abdullahselek/koolsla,Applied
AkariAsai/extractive_rc_by_runtime_mt,Applied
Cadene/recipe1m.bootstrap.pytorch,Applied
davidalvarezdlt/samplernn_pytorch,Applied
dawnranger/IDEC-pytorch,Applied
golsun/NLP-tools,Applied
hedrox/ecg-classification,Applied
hiwad-aziz/kitti_deeplab,Applied
hmshan/CPCE-3D,Applied
ksopyla/tensorflow-mnist-convnets,Applied
Luca96/dlib-minified-models,Applied
mmxgn/spacy-clausie,Applied
munagekar/nnpso,Applied
Nealcly/sarcasm-detection-for-sentiment-analysis,Applied
noxouille/rt-mrcnn,Applied
proycon/gecco,Applied
rohanpillai20/Image-Classification-by-Keras-and-Tensorflow,Applied
rstemmer/musicdb,Applied
shahrukhqasim/TIES-2.0,Applied
sharvil/tf-explorer,Applied
shoeffner/cvloop,Applied
skyoung/RFL,Applied
Spenhouet/tensorboard-aggregator,Applied
Stick-To/PFPNet-tensorflow,Applied
vietnguyen91/Very-deep-cnn-tensorflow,Applied
voletiv/syncnet-in-keras,Applied
xcyan/eccv18_mtvae,Applied
yonkshi/text2imageNet,Applied
yuhaozhang/summarize-radiology-findings,Applied
610265158/DSFD-tensorflow,Applied
abachaa/MEDIQA2019,Applied
AlexGidiotis/Multimodal-Gesture-Recognition-with-LSTMs-and-CTC,Applied
alina1021/facial_expression_transfer,Applied
amanbasu/3d-prostate-segmentation,Applied
amosbastian/understat,Applied
bioinfomaticsCSU/deepsignal,Applied
david-yoon/detecting-incongruity,Applied
ethanwharris/STAWM,Applied
gongzhitaao/adversarial-text,Applied
hiroaki-santo/deep-photometric-stereo-network,Applied
IHIaadj/Malware-classifier-PyTorch,Applied
jawahar273/practNLPTools-lite,Applied
jx1100370217/DFCNN-master,Applied
lonePatient/bert-sentence-similarity-pytorch,Applied
ngchc/deepBoosting,Applied
njellinas/GAN-Voice-Conversion,Applied
ownthink/Chatbot,Applied
qbx2/pscp,Applied
Seanforfun/GMAN_Net_Haze_Removal,Applied
thuijskens/scikit-hyperband,Applied
urigoren/decorators4DS,Applied
wyattferguson/trumpbot-rnn,Applied
yinguobing/tfrecord_utility,Applied
yoonholee/MT-net,Applied
AakashKT/pytorch-recurrent-ae-siggraph17,Applied
abdullahselek/spampy,Applied
AFAgarap/wisconsin-breast-cancer,Applied
atavakol/action-branching-agents,Applied
benedekrozemberczki/ASNE,Applied
BingyaoHuang/CompenNet,Applied
bkj/basenet,Applied
breeko/spypy,Applied
damianmoore/photo-manager-classifier,Applied
damianmoore/tensorflow-image-classifier,Applied
gasparian/PicsArtHack-binary-segmentation,Applied
howl-anderson/seq2annotation,Applied
ixlan/machine-learning-data-pipeline,Applied
jasonrig/address-net,Applied
jinfagang/tfboys,Applied
koshian2/affinity-loss,Applied
nkarasiak/dzetsaka,Applied
neka-nat/image_completion_keras,Applied
NicolasBizzozzero/Inpainting,Applied
rahulvigneswaran/Intrusion-Detection-Systems,Applied
RyanXingQL/MFQE2.0,Applied
senyoltw/custom-hotword-for-aiy-voicekit,Applied
Sleepychord/ChinesePoemGeneration,Applied
sshleifer/object_detection_kitti,Applied
akofman/wider-face-pascal-voc-annotations,Applied
chenchongthu/SAMN,Applied
CyberZHG/keras-word-char-embd,Applied
david-yoon/QA_HRDE_LTC,Applied
DevSinghSachan/multilingual_nmt,Applied
fabvio/ld-lsi,Applied
harshbg/Sign-Language-Interpreter-using-Deep-Learning,Applied
hmchuong/ML-BoneSuppression,Applied
jgraving/DeepPoseKit,Applied
kentaroy47/DatasetCulling,Applied
m-rossi/jupyter-docx-bundler,Applied
NonvolatileMemory/MXNET-SMN,Applied
peterdalle/svensktext,Applied
purocean/tensorflow-simple-captcha,Applied
roscisz/TensorHive,Applied
rwightman/posenet-pytorch,Applied
simonwongwong/Facebook-Messenger-Statistics,Applied
telmomenezes/synthetic,Applied
tpawelski/hate-speech-detection,Applied
tqtg/hierarchical-attention-networks,Applied
v-mipeng/LexiconNER,Applied
vietnguyen91/Very-deep-cnn-pytorch,Applied
wmylxmj/Pix2Pix-Keras,Applied
barisesmer/C4.5,Applied
deep-fingerprinting/df,Applied
flrngel/understanding-ai,Applied
harish2704/pottan-ocr,Applied
Hsankesara/smart-meter,Applied
iandanforth/pymuscle,Applied
IlyaGusev/summarus,Applied
itisyang/ImageMiniLab,Applied
jhasuman/potholes-detection,Applied
jmbr/diffusion-maps,Applied
johri002/Automatic-leaf-infection-identifier,Applied
khuangaf/Kaggle-Avito-NN,Applied
knorth55/chainer-light-head-rcnn,Applied
Koziev/chatbot,Applied
mholtzscher/spacy_readability,Applied
OmarAflak/Medium-Python-Neural-Network,Applied
rafariva/ANPR-Tensorflow,Applied
secsilm/bifrost,Applied
spallas/time-attention,Applied
upura/ml-competition-template-titanic,Applied
wesselb/stheno,Applied
wotchin/SmooFaceEngine,Applied
wouterdewinter/deep-hive,Applied
xuzheyuan624/yolov3-pytorch,Applied
yanx27/DuReader_QANet_BiDAF,Applied
yippp/FSRCNN,Applied
zwx8981/DBCNN-PyTorch,Applied
chizhanyuefeng/FD-CNN,Applied
clumsyme/qqai,Applied
conmarap/website-fingerprinting,Applied
EugeneLoy/coq_jupyter,Applied
zimmerrol/attention-is-all-you-need-keras,Applied
foamliu/Deep-Residual-Matting,Applied
gmontamat/gentun,Applied
hbahadirsahin/nlp-experiments-in-pytorch,Applied
hli1221/Imagefusion_deepfuse,Applied
huanghoujing/AOS4ReID,Applied
Hyperparticle/LemmaTag,Applied
james4388/noahcar,Applied
khanhha/crack_segmentation,Applied
km1414/CNN-models,Applied
limteng-rpi/mlmt,Applied
MingtaoGuo/DnCNN-Denoise-Gaussian-noise-TensorFlow,Applied
mycrazycracy/tf-kaldi-speaker,Applied
otenim/Xception-with-Your-Own-Dataset,Applied
otenim/TensorFlow-OS-ELM,Applied
PINTO0309/MobileNetV2-PoseEstimation,Applied
rajveermalviya/language-modeling,Applied
sharibox/EAD2019,Applied
sseung0703/SSKD_SVD,Applied
tonglei100/look,Applied
wanjinchang/SSH-TensorFlow,Applied
Whoisurdady/WeChatRoomGame,Applied
xavierpuigf/virtualhome,Applied
yule-li/MassFace,Applied
zsdonghao/im2txt2im,Applied
andry9454/KerasDropconnect,Applied
benedekrozemberczki/SINE,Applied
berkgulay/WeatherPredictionFromImage,Applied
ColasGael/Machine-Learning-for-Solar-Energy-Prediction,Applied
gan3sh500/attention-augmented-conv,Applied
gregversteeg/LinearCorex,Applied
HolyBayes/pytorch_ard,Applied
iamvon/viBlind,Applied
idearibosome/srzoo,Applied
jingcheng-du/Gene2vec,Applied
korymath/jann,Applied
LindseyB/not-pepe,Applied
Miffyli/ToriLLE,Applied
MrPowerScripts/reddit-karma-farming-bot,Applied
musikisomorphie/swd,Applied
oupirum/sp2cp,Applied
saidziani/Arabic-News-Article-Classification,Applied
samkit-jain/Handwriting-Recognition,Applied
sebastian-hofstaetter/sigir19-neural-ir,Applied
supikiti/PNCC,Applied
anitan0925/ResFGB,Applied
benedekrozemberczki/TENE,Applied
benedekrozemberczki/TADW,Applied
driemworks/agatha,Applied
MingtaoGuo/Learning-Residual-Images-for-Face-Attribute-Manipulation,Applied
MuhammedBuyukkinaci/TensorFlow-Multiclass-Image-Classification-using-CNN-s,Applied
policeme/chinese-bert-similarity,Applied
salu133445/binarygan,Applied
see--/P12-Semantic-Segmentation,Applied
SharifAmit/DilatedFCNSegmentation,Applied
Spenhouet/automated-deep-photo-style-transfer,Applied
TropComplique/light-head-rcnn,Applied
ZainNasrullah/music-artist-classification-crnn,Applied
zhpmatrix/CGED_TF,Applied
1adrianb/pytorch-estimate-flops,Applied
artem-oppermann/Sentiment-Analysis-of-Netflix-Reviews,Applied
ashwhall/dsnt,Applied
CyberZHG/keras-pos-embd,Applied
EagleW/Describing_a_Knowledge_Base,Applied
erp12/pyshgp,Applied
evfro/ipypb,Applied
hiwonjoon/NEC,Applied
Hyperparticle/udify,Applied
leftthomas/CCCapsNet,Applied
leopepe/GOApy,Applied
MahmoudWahdan/Siamese-Sentence-Similarity,Applied
MingtaoGuo/sngan_projection_TensorFlow,Applied
okankop/vidaug,Applied
otenim/AnomalyDetectionUsingAutoencoder,Applied
PAN001/Deep-Neural-Network-Ensembles-for-Extreme-Classification,Applied
stevezheng23/reading_comprehension_tf,Applied
swdsld/RandWire_tensorflow,Applied
Tandon-A/CycleGAN_ssim,Applied
tofti/python-id3-trees,Applied
xtudbxk/SEC-tensorflow,Applied
YangWangsky/tf_EEGLearn,Applied
adhaamehab/textblob-ar,Applied
alecGraves/BVAE-tf,Applied
arne-cl/discoursegraphs,Applied
brunnergino/MIDI-VAE,Applied
ildoonet/kaggle-human-protein-atlas-image-classification,Applied
kpe/bert-for-tf2,Applied
megbedell/wobble,Applied
oroszgy/spacy-hungarian-models,Applied
phohenecker/pytorch-transformer,Applied
skalavala/mysmarthome,Applied
titu1994/keras-global-context-networks,Applied
vishalshar/SpeakerDiarization_RNN_CNN_LSTM,Applied
williamgilpin/cfgen,Applied
Armour/pytorch-nn-practice,Applied
cmasch/densenet,Applied
kunci115/siPintar,Applied
kyungyunlee/ismir2018-revisiting-svd,Applied
mitmul/chainer-nri,Applied
PINTO0309/OpenVINO-DeeplabV3,Applied
rshrc/sales-forecast-ml,Applied
sinhrks/daskperiment,Applied
yaqingwang/EANN-KDD18,Applied
akshaybahadur21/BreastCancer_Classification,Applied
aquaskyline/Skyhawk,Applied
cgorman/tensorflow-som,Applied
clemkoa/tooth-detection,Applied
damitkwr/ESRNN-GPU,Applied
ikegami-yukino/pymlask,Applied
jason71995/Keras_ODENet,Applied
junqiangchen/Unet2d,Applied
Nasdin/VideoRecognition-realtime-autotrainer-alerts,Applied
nav74neet/ddpg_biped,Applied
orendv/learning_to_sample,Applied
sunsided/vae-style-transfer,Applied
switchablenorms/Sparse_SwitchNorm,Applied
ugnelis/tensorflow-rnn-ctc,Applied
yashbonde/freeciv-python,Applied
yuvalpinter/m3gm,Applied
aashutoshrathi/vision,Applied
AlexIoannides/kubernetes-ml-ops,Applied
amoussawi/recoder,Applied
andreasvc/disco-dop,Applied
Angzz/panoptic-fpn-gluon,Applied
bt3gl/NetAna-Complex-Network-Analysis,Applied
chenwuperth/rgz_rcnn,Applied
georgesterpu/Sigmedia-AVSR,Applied
hassyGo/NLG-RL,Applied
marando/pycatfd,Applied
mjpyeon/wavenet-classifier,Applied
sammous/spacy-lefff,Applied
SheikhRabiul/A-Deep-Learning-Based-Illegal-Insider-Trading-Detection-and-Prediction-Technique-in-Stock-Market,Applied
Stick-To/RefineDet-tensorflow,Applied
spacemanidol/MSMARCO,Applied
Eli-YiLi/ScaleNet,Applied
idearibosome/tf-perceptual-eusr,Applied
JarnoRFB/incense,Applied
kjaisingh/march-madness-2019,Applied
kjaisingh/hardhat-detector,Applied
LuciaLlavero/ryuzaki_bot,Applied
luxedo/calcuMLator,Applied
masyagin1998/robin,Applied
milesgranger/gap_statistic,Applied
ParikhKadam/bidaf-keras,Applied
pmorerio/dl-uncertainty,Applied
raphaelvallat/entropy,Applied
vanzytay/QuaternionTransformers,Applied
varunagrawal/tiny-faces-pytorch,Applied
yuewang-cuhk/TAKG,Applied
zouyih/AlphaZero_Gomoku-tensorflow,Applied
adler-j/learned_primal_dual,Applied
baumgach/acdc_segmenter,Applied
cardwing/Codes-for-Steering-Control,Applied
cszhangzhen/ANRL,Applied
Erotemic/netharn,Applied
isikdogan/deep_learning_tutorials,Applied
kozistr/rcan-tensorflow,Applied
LucaAngioloni/ProteinSecondaryStructure-CNN,Applied
Madonahs/Machine-Learning,Applied
Nrgeup/controllable-text-attribute-transfer,Applied
qhan1028/Fully-Convolutional-Networks,Applied
sorenlind/lemmy,Applied
Stick-To/CenterNet-tensorflow,Applied
TSjianjiao/Defect-Detection-with-tensorflow,Applied
XoriieInpottn/photinia,Applied
yassineAlouini/kaggle-tools,Applied
aldro61/kover,Applied
ClaudiuGeorgiu/RiskInDroid,Applied
crisbodnar/TensorFlow-NEAT,Applied
Hironsan/asari,Applied
jungtaekkim/bayeso,Applied
Nikhil-Kasukurthi/Counting-people-video,Applied
oduwa/Pic-Numero,Applied
vietnguyen91/Character-level-cnn-pytorch,Applied
3ammor/Variational-Autoencoder-pytorch,Applied
akashlevy/Deep-Learn-Oil,Applied
boudinfl/ake-datasets,Applied
Davidham3/STGCN,Applied
Hippogriff/CSGNet,Applied
jonasrothfuss/fishervector,Applied
look4pritam/tfmtcnn,Applied
nardeas/SyntaxNet-Tensorflow,Applied
philomathic-guy/Malicious-Web-Content-Detection-Using-Machine-Learning,Applied
podgorskiy/GPND,Applied
TobiasLee/MTA-LSTM-TensorFlow,Applied
umbertogriffo/focal-loss-keras,Applied
ardamavi/Dog-Cat-Classifier,Applied
bjascob/pyInflect,Applied
bmcfee/pumpp,Applied
devAmoghS/Keras-Style-Transfer,Applied
kamenbliznashki/normalizing_flows,Applied
kozistr/AdaBound-tensorflow,Applied
lzw-all-in/CS224n_assignments-use-Pytorch,Applied
marco-c/autowebcompat,Applied
mhmoodlan/cyclic-learning-rate,Applied
rgal/gym-2048,Applied
rolczynski/DeepSpeech-Keras,Applied
skyduy/simple-ml,Applied
WNJXYK/AutoWechatGames,Applied
zsdonghao/Spatial-Transformer-Nets,Applied
danielzuegner/gnn-meta-attack,Applied
fabioperez/skin-data-augmentation,Applied
GianlucaPaolocci/Sound-classification-on-Raspberry-Pi-with-Tensorflow,Applied
hlzz/mirror,Applied
IsaacGuan/PointNet-Plane-Detection,Applied
jczic/MicroMLP,Applied
RBirkeland/MVCNN-PyTorch,Applied
simontomaskarlsson/CycleGAN-Keras,Applied
vacancy/AdvancedIndexing-PyTorch,Applied
yanbeic/semi-memory,Applied
yselivonchyk/Tensorflow_WhatWhereAutoencoder,Applied
felixchenfy/Realtime-Action-Recognition,Applied
fsx950223/mobilenetv2-yolov3,Applied
Haoran-S/SPAWC2017,Applied
LuZhenHuan/code,Applied
perseus784/BvS,Applied
PINTO0309/TensorflowLite-UNet,Applied
richemslie/galvanise_zero,Applied
smaegol/PlasFlow,Applied
SparshaSaha/Hand-Gesture-Recognition-Using-Background-Elllimination-and-Convolution-Neural-Network,Applied
ssydasheng/FBNN,Applied
TyJK/EchoBurst,Applied
yizt/keras-ctpn,Applied
yuantiku/fairseq-gec,Applied
4uiiurz1/keras-arcface,Applied
EliasCai/bert-toxicity-classification,Applied
Issam28/Brain-tumor-segmentation,Applied
LeeDoYup/DeblurGAN-tf,Applied
sg-nm/Operation-wise-attention-network,Applied
anrputina/OutlierDenStream,Applied
binzhouchn/capsule-pytorch,Applied
boris-kz/CogAlg,Applied
dabasajay/Image-Caption-Generator,Applied
junqiangchen/VNet3D,Applied
MBKraus/Predicting_real_estate_prices_using_scikit-learn,Applied
mKausthub/stock-er,Applied
nekitmm/starnet,Applied
philipperemy/keras-seq2seq-example,Applied
Sanqiang/text_simplification,Applied
sseung0703/Knowledge_distillation_methods_wtih_Tensorflow,Applied
TalSchuster/CrossLingualELMo,Applied
vzhou842/cnn-from-scratch,Applied
chaitjo/regression-stock-prediction,Applied
hwang595/ps_pytorch,Applied
jason718/game-feature-learning,Applied
jiegzhan/time-series-forecasting-rnn-tensorflow,Applied
marctuscher/DRQN-tensorflow,Applied
ne7ermore/deeping-flow,Applied
RiccardoM/Forex-and-Stock-Python-Pattern-Recognizer,Applied
ruiminshen/openpose-pytorch,Applied
zuoxingdong/dm2gym,Applied
activatedgeek/LeNet-5,Applied
dangitstam/topic-rnn,Applied
lonePatient/BERT-chinese-text-classification-pytorch,Applied
PINTO0309/MobileNet-SSDLite-RealSense-TF,Applied
ppliuboy/DDFlow,Applied
vineetjohn/linguistic-style-transfer,Applied
9310gaurav/virtual-adversarial-training,Applied
a-slide/pycoQC,Applied
A2Zadeh/TensorFusionNetwork,Applied
fracpete/python-weka-wrapper3,Applied
himkt/pyner,Applied
ljvmiranda921/gym-lattice,Applied
mesnico/RelationNetworks-CLEVR,Applied
neka-nat/tensorboard-chainer,Applied
nimeshabuddhika/Tensorflow-Chatbot,Applied
PhilJd/tf-quaternion,Applied
prajjwal1/language-modelling,Applied
4uiiurz1/pytorch-adacos,Applied
BradleyGrantham/pl-predictions-using-fifa,Applied
brannondorsey/GloVe-experiments,Applied
DeNeutoy/spacy-vis,Applied
richardwth/MMD-GAN,Applied
xcyan/neurips18_hierchical_image_manipulation,Applied
xuanzebi/BERT-CH-NER,Applied
yeyupiaoling/LearnPaddle2,Applied
4uiiurz1/pytorch-res2net,Applied
clarkerubber/irwin,Applied
cs-chan/Deep-Plant,Applied
dsgissin/DiscriminativeActiveLearning,Applied
Dumbris/trunklucator,Applied
ebigelow/tf-decompose,Applied
hugochan/BAMnet,Applied
jasonwu0731/trade-dst,Applied
jbn/IPlantUML,Applied
jsbroks/imantics,Applied
kunalgupta777/OpenCV-Face-Filters,Applied
MiguelMonteiro/CRFasRNNLayer,Applied
Natsu6767/Conditional-AnimeGAN,Applied
themightyoarfish/deepVO,Applied
tritemio/nbrun,Applied
ZhixiuYe/Intra-Bag-and-Inter-Bag-Attentions,Applied
daigo0927/pwcnet,Applied
djosix/Performance-RNN-PyTorch,Applied
guanyingc/SDPS-Net,Applied
kalviny/MSDNet-PyTorch,Applied
lyprince/sdtw_pytorch,Applied
marooncn/Defect-Detection-Classifier,Applied
nikonikolov/rltf,Applied
rk2900/DRSA,Applied
silburt/DeepMoon,Applied
titu1994/keras-attention-augmented-convs,Applied
cjekel/tindetheus,Applied
EvgenyKashin/SRMnet,Applied
gsurma/cartpole,Applied
knorth55/chainer-fcis,Applied
kwonmha/Improving-RNN-recommendation-model,Applied
lopuhin/transformer-lm,Applied
shaoxiongji/federated-learning,Applied
Tixierae/graph_2D_CNN,Applied
wmylxmj/YOLO-V3-IOU,Applied
alexjc/neural-imagen,Applied
benedekrozemberczki/M-NMF,Applied
DHZS/tf-dropblock,Applied
f90/AdversarialAudioSeparation,Applied
fnl/syntok,Applied
opensemanticsearch/open-semantic-entity-search-api,Applied
slrbl/Intrusion-and-anomaly-detection-with-machine-learning,Applied
yashkant/Padam-Tensorflow,Applied
AFAgarap/gru-svm,Applied
crisbodnar/text-to-image,Applied
DwarfThief/Raspagem-de-dados-para-iniciantes,Applied
foamliu/Look-Into-Person,Applied
junqiangchen/KiTS19-Challege,Applied
markdtw/matching-networks,Applied
nouhadziri/THRED,Applied
philip-huang/PIXOR,Applied
potterhsu/easy-faster-rcnn.pytorch,Applied
tympanix/subsync,Applied
vikasverma1077/ICT,Applied
yxtay/char-rnn-text-generation,Applied
notAI-tech/deepsegment,Applied
benedekrozemberczki/role2vec,Applied
Coderik/portal-gun,Applied
dantaki/SV2,Applied
HsiaoYetGun/ESIM,Applied
wittawatj/kernel-gof,Applied
ymym3412/position-rank,Applied
adiyoss/GCommandsPytorch,Applied
benedekrozemberczki/diff2vec,Applied
bertinetto/r2d2,Applied
DeepInEvil/webCamEmocognizer,Applied
nabeel-oz/qlik-py-tools,Applied
nerox8664/gluon2pytorch,Applied
seasonSH/Probabilistic-Face-Embeddings,Applied
Shun14/TextBoxes_plusplus_Tensorflow,Applied
SketchyScene/SketchyScene,Applied
stefanonardo/pytorch-esn,Applied
vijuSR/facial_emotion_recognition__EMOJIFIER,Applied
wkentaro/chainer-mask-rcnn,Applied
wuhao5688/RNN-TrajModel,Applied
hepesu/LineDistiller,Applied
khurramjaved96/Recursive-CNNs,Applied
lonePatient/Deep_Learning_For_Computer_Vision_With_Python,Applied
lvapeab/ABiViRNet,Applied
mengrang/DFL-CNN-tensorflow,Applied
mynameisvinn/EmailParser,Applied
sarnthil/unify-emotion-datasets,Applied
vzhou842/neural-network-from-scratch,Applied
YeongHyeon/R-CNN_LIGHT,Applied
DrGFreeman/rps-cv,Applied
FraBle/python-sutime,Applied
Narsil/alphagozero,Applied
Raymond-sci/AND,Applied
Stick-To/Object-Detection-API-Tensorflow,Applied
YipengHu/label-reg,Applied
chehongshu/DL-tenserflow,Applied
davidstutz/tensorflow-cpp-op-example,Applied
hellochick/Indoor-segmentation,Applied
LeslieZhoa/tensorflow-YOLO1,Applied
mdangschat/ctc-asr,Applied
salekd/rpizero_smart_camera3,Applied
SparkJiao/SLQA,Applied
vietnguyen91/Deeplab-pytorch,Applied
yiling-chen/view-finding-network,Applied
AbrahamSanders/seq2seq-chatbot,Applied
initial-h/AlphaZero_Gomoku_MPI,Applied
kamo-naoyuki/pytorch_convolutional_rnn,Applied
leeyoshinari/YOLO_v2,Applied
apoorva-dave/LicensePlateDetector,Applied
bzier/gym-mupen64plus,Applied
gabrielspmoreira/chameleon_recsys,Applied
ibrahimsharaf/doc2vec,Applied
skjerns/AutoSleepScorer,Applied
tugstugi/mongolian-speech-recognition,Applied
zhezh/focalloss,Applied
zlpure/pytorch-practice,Applied
huschen/kaggle_speech_recognition,Applied
lucasmaystre/choix,Applied
oscarknagg/voicemap,Applied
otenim/GLCIC-PyTorch,Applied
rwightman/posenet-python,Applied
Tramac/Fast-SCNN-pytorch,Applied
astorfi/sequence-to-sequence-from-scratch,Applied
benedekrozemberczki/walklets,Applied
cjekel/piecewise_linear_fit_py,Applied
drethage/fully-convolutional-point-network,Applied
dumyy/handpose,Applied
gan3sh500/octaveconv-pytorch,Applied
hijkzzz/fast-neural-style-transfer,Applied
hli1221/imagefusion_densefuse,Applied
liyibo/text-classification-demos,Applied
zhangqianhui/Exemplar-GAN-Eye-Inpainting-Tensorflow,Applied
DandyDev/slack-machine,Applied
hoxo-m/densratio_py,Applied
parap1uie-s/Keras-RFCN,Applied
upul/Semantic_Segmentation,Applied
WindQAQ/listen-attend-and-spell,Applied
DuaneNielsen/DeepInfomaxPytorch,Applied
hughplay/DFNet,Applied
iwangjian/textsum-gan,Applied
mtobeiyf/audio-classification,Applied
prashnani/PerceptualImageError,Applied
roclark/sportsreference,Applied
stefan-it/capsnet-nlp,Applied
titipata/detecting-scientific-claim,Applied
vietnguyen91/Hierarchical-attention-networks-pytorch,Applied
vlomonaco/core50,Applied
wenwei202/iss-rnns,Applied
ankonzoid/NN-from-scratch,Applied
ankur219/ECG-Arrhythmia-classification,Applied
fabiotosi92/monoResMatch-Tensorflow,Applied
ngchc/CameraSR,Applied
pathak22/modular-assemblies,Applied
xiongma/transformer-pointer-generator,Applied
sandeepraju/ihradis-cnn-deblur,Applied
YonghaoXu/SEANet,Applied
a1600012888/YOPO-You-Only-Propagate-Once,Applied
alex04072000/CyclicGen,Applied
kashif/firedup,Applied
ProGamerGov/neural-style-pt,Applied
yanwii/ChineseNER,Applied
dsindex/etagger,Applied
gadiluna/SAFE,Applied
jobovy/extreme-deconvolution,Applied
khurramjaved96/incremental-learning,Applied
leftthomas/ImageDeblurring,Applied
MrEliptik/HandPose,Applied
nikicc/twitter-emotion-recognition,Applied
pcyin/pytorch_nmt,Applied
titu1994/tfdiffeq,Applied
vgrabovets/multi_rake,Applied
YunYang1994/SphereFace,Applied
ahmetozlu/color_recognition,Applied
bxshi/ProjE,Applied
rokid/BERT-multi-GPU,Applied
jenspetersen/gqn-pytorch,Applied
lvzhaoyang/DeeperInverseCompositionalAlgorithm,Applied
mikevoets/jama16-retina-replication,Applied
SimGus/Chatette,Applied
Zenohm/Friday,Applied
AlexMa011/pytorch-polygon-rnn,Applied
Cartus/AGGCN_TACRED,Applied
nh2tran/DeepNovo,Applied
oseiskar/autosubsync,Applied
zhengyang-wang/3D-Unet--Tensorflow,Applied
zsdonghao/Unsup-Im2Im,Applied
snakeztc/NeuralDialog-LaRL,Applied
yusugomori/deeplearning-tf2,Applied
Anmol-Singh-Jaggi/Sign-Language-Recognition,Applied
arunponnusamy/gender-detection-keras,Applied
huochaitiantang/pytorch-deep-image-matting,Applied
ianwhale/nsga-net,Applied
kororo/excelcy,Applied
LuckyZXL2016/Reinforcement-Learning,Applied
ShreyAmbesh/Traffic-Rule-Violation-Detection-System,Applied
soujanyaporia/aspect-extraction,Applied
yuanxiaosc/Schema-based-Knowledge-Extraction,Applied
ambakick/Person-Detection-and-Tracking,Applied
cuguilke/microexpnet,Applied
dancsalo/TensorFlow-MIL,Applied
graykode/toeicbert,Applied
henrysky/astroNN,Applied
IlyaGusev/rnnmorph,Applied
roboreport/doc2vec-api,Applied
sethuiyer/Image-to-Image-Search,Applied
soaxelbrooke/python-bpe,Applied
ttaoREtw/Tacotron-pytorch,Applied
ABadCandy/BaiDuBigData19-URFC,Applied
benedekrozemberczki/GraphWaveMachine,Applied
benedekrozemberczki/SEAL-CI,Applied
bxshi/ConMask,Applied
fuzimaoxinan/Tensorflow-Deep-Neural-Networks,Applied
jeromerony/fast_adversarial,Applied
yoshall/GeoMAN,Applied
CyberZHG/keras-gpt-2,Applied
HymEric/VSR-DUF-Reimplement,Applied
jfilter/split-folders,Applied
Natsu6767/Generating-Devanagari-Using-DRAW,Applied
omkar13/MaskTrack,Applied
satyenrajpal/Concrete-Crack-Detection,Applied
songhengyang/face_landmark_factory,Applied
symoon94/Neural-Style-Transfer-pytorch,Applied
araffin/srl-zoo,Applied
BannyStone/Video_Classification_PyTorch,Applied
iArunava/YOLOv3-Object-Detection-with-OpenCV,Applied
shepnerd/inpainting_gmcnn,Applied
soujanyaporia/multimodal-sentiment-analysis,Applied
ahmetgunduz/Real-time-GesRec,Applied
akshaynagpal/w2n,Applied
benedekrozemberczki/GEMSEC,Applied
shaohua0116/demo2program,Applied
AaronHeee/Neural-Attentive-Item-Similarity-Model,Applied
iver56/cross-adaptive-audio,Applied
luckycallor/InsightFace-tensorflow,Applied
sniklaus/pytorch-hed,Applied
anicolson/DeepXi,Applied
Kensuke-Mitsuzawa/JapaneseTokenizers,Applied
PistonY/ResidualAttentionNetwork,Applied
Robert-JunWang/PeleeNet,Applied
vivek2319/Data-Science-From-Linkedin,Applied
wvangansbeke/Sparse-Depth-Completion,Applied
art-programmer/FloorNet,Applied
harry-7/speech-emotion-recognition,Applied
junqiangchen/LiTS---Liver-Tumor-Segmentation-Challenge,Applied
Mehran-k/SimplE,Applied
sainathadapa/kaggle-freesound-audio-tagging,Applied
WenjieZ/TSCV,Applied
Zhenye-Na/DA-RNN,Applied
aravindsrinivas/flowpp,Applied
blackeagle01/Abnormal_Event_Detection,Applied
davidsbatista/BREDS,Applied
gsurma/text_predictor,Applied
HongyangGao/ChannelNets,Applied
josedolz/HyperDenseNet,Applied
moxiegushi/pokeGAN,Applied
nsavinov/SPTM,Applied
see--/keras-centernet,Applied
simontomaskarlsson/GAN-MRI,Applied
suriyadeepan/torchtest,Applied
tbepler/protein-sequence-embedding-iclr2019,Applied
AhmetHamzaEmra/Intelegent_Lock,Applied
JonathanRaiman/pytreebank,Applied
Mogeng/IOHMM,Applied
ownthink/Semantic,Applied
santi-pdp/pase,Applied
wangz10/tensorflow-playground,Applied
manideep2510/eye-in-the-sky,Applied
rdspring1/PyTorch_GBW_LM,Applied
wq2012/SpectralCluster,Applied
xu-song/bert-as-language-model,Applied
artem-oppermann/Deep-Autoencoders-For-Collaborative-Filtering,Applied
ArtistScript/FastTextRank,Applied
higepon/tensorflow_seq2seq_chatbot,Applied
lihanghang/Knowledge-Graph,Applied
simonkamronn/kvae,Applied
tobybreckon/fire-detection-cnn,Applied
XiaohangZhan/conditional-motion-propagation,Applied
YannDubs/disentangling-vae,Applied
Armour/Automatic-Image-Colorization,Applied
hijkzzz/reinforcement-learning-wechat-jump,Applied
MingtaoGuo/DCGAN_WGAN_WGAN-GP_LSGAN_SNGAN_RSGAN_BEGAN_ACGAN_PGGAN_TensorFlow,Applied
jiali-ms/JLM,Applied
JoergFranke/ADNC,Applied
LinLidi/StockSensation,Applied
simo23/tinyYOLOv2,Applied
t-sakai-kure/pywsl,Applied
alecwangcq/EigenDamage-Pytorch,Applied
AlexGidiotis/Document-Classifier-LSTM,Applied
AnthonyMRios/pymetamap,Applied
gregversteeg/bio_corex,Applied
hiwonjoon/cycle-gan-tf,Applied
hsokooti/RegNet,Applied
proycon/clam,Applied
SymphonyPy/Valified_Code_Classify,Applied
YU1ut/MixMatch-pytorch,Applied
Accagain2014/TextMatching,Applied
dougsm/ggcnn,Applied
imirzadeh/Teacher-Assistant-Knowledge-Distillation,Applied
nmstoker/lockebot,Applied
sumuzhao/CycleGAN-Music-Style-Transfer,Applied
svishnu88/TGS-SaltNet,Applied
euclidjda/deep-quant,Applied
GKalliatakis/Keras-VGG16-places365,Applied
JingqingZ/BaiduTraffic,Applied
l11x0m7/Question_Answering_Models,Applied
patverga/bran,Applied
sniklaus/pytorch-extension,Applied
YuriyGuts/snake-ai-reinforcement,Applied
sakuranew/BERT-AttributeExtraction,Applied
timbmg/VAE-CVAE-MNIST,Applied
tlkh/prowler,Applied
WynMew/FaceAttribute,Applied
zhou13/lcnn,Applied
benedekrozemberczki/Splitter,Applied
fracpete/python-weka-wrapper,Applied
isayev/ASE_ANI,Applied
leemengtaiwan/cat-recognition-train,Applied
scitime/scitime,Applied
danielzuegner/nettack,Applied
HsuWanTing/unified-summarization,Applied
mnicnc404/CartoonGan-tensorflow,Applied
satinder147/Attendance-using-Face,Applied
titu1994/keras-adabound,Applied
YangZhang4065/AdaptationSeg,Applied
abojchevski/graph2gauss,Applied
benedekrozemberczki/SGCN,Applied
joeylitalien/noise2noise-pytorch,Applied
lovit/KR-WordRank,Applied
preritj/segmentation,Applied
titu1994/BatchRenormalization,Applied
foamliu/Car-Recognition,Applied
hlzz/DeepMatchVO,Applied
jiangxiluning/facenet_mtcnn_to_mobile,Applied
riannevdberg/sylvester-flows,Applied
taki0112/DRIT-Tensorflow,Applied
evilsocket/ergo-pe-av,Applied
nebulaV/DAGAN,Applied
budzianowski/multiwoz,Applied
guillaumegenthial/tf_metrics,Applied
junliangliu/captcha,Applied
minhpqn/nlp_100_drill_exercises,Applied
murdockhou/lightweight_openpose,Applied
nickdavidhaynes/spacy-cld,Applied
regel/loudml,Applied
erreurt/MahjongAI,Applied
jiwoon-ahn/irn,Applied
lingtengqiu/Deeperlab-pytorch,Applied
maciejczyzewski/neural-chessboard,Applied
sugyan/tf-face-recognizer,Applied
zsdonghao/Image-Captioning,Applied
benedekrozemberczki/DANMF,Applied
Ha0Tang/SelectionGAN,Applied
kylebarron/stata_kernel,Applied
yogeshbalaji/Generate_To_Adapt,Applied
sthanhng/yoloface,Applied
Anfany/Machine-Learning-for-Beginner-by-Python3,Applied
ardamavi/Game-Bot,Applied
bkj/ulm-basenet,Applied
DongjunLee/kino-bot,Applied
drckf/paysage,Applied
ferreirafabio/video2tfrecord,Applied
hengchuan/RDN-TensorFlow,Applied
Seanny123/da-rnn,Applied
ildoonet/pytorch-gradual-warmup-lr,Applied
nrontsis/PILCO,Applied
xingyul/flownet3d,Applied
alvations/sacremoses,Applied
gregwchase/dsi-capstone,Applied
maximecb/gym-miniworld,Applied
yueruchen/sppnet-pytorch,Applied
AnubhavGupta3377/Text-Classification-Models-Pytorch,Applied
lukasruff/Deep-SVDD-PyTorch,Applied
marcoramilli/MalwareTrainingSets,Applied
MaybeShewill-CV/attentive-gan-derainnet,Applied
mks0601/PoseFix_RELEASE,Applied
vpj/lab,Applied
aquaskyline/Clairvoyante,Applied
MG2033/MobileNet,Applied
quadrismegistus/prosodic,Applied
benedekrozemberczki/APPNP,Applied
dr-costas/mad-twinnet,Applied
sebastianruder/sluice-networks,Applied
timkpaine/paperboy,Applied
hujinsen/StarGAN-Voice-Conversion,Applied
kaka-lin/object-detection,Applied
mirzaevinom/data_science_bowl_2018,Applied
msalvaris/gpu_monitor,Applied
philipperemy/tensorflow-ctc-speech-recognition,Applied
crouchred/speaker-recognition-py3,Applied
Diviyan-Kalainathan/CausalDiscoveryToolbox,Applied
ikegami-yukino/neologdn,Applied
kkanshul/finegan,Applied
nadavbh12/VQ-VAE,Applied
noahfl/sdr-densenet-pytorch,Applied
yzou2/CBST,Applied
MandyMo/HAMR,Applied
nfultz/nb2mail,Applied
sniklaus/pytorch-liteflownet,Applied
Ugness/PiCANet-Implementation,Applied
wentaoyuan/pcn,Applied
carpedm20/SPIRAL-tensorflow,Applied
cjymz886/text-cnn,Applied
satinder147/DeepWay,Applied
xAsiimov/ImageNST,Applied
GavinHacker/recsys_core,Applied
vinayakumarr/Network-Intrusion-Detection,Applied
vc1492a/Hey-Waldo,Applied
amineHorseman/facial-expression-recognition-using-cnn,Applied
arunponnusamy/object-detection-opencv,Applied
danielfrg/s3contents,Applied
dperezrada/keywords2vec,Applied
YangZeyu95/unofficial-implement-of-openpose,Applied
bheinzerling/pyrouge,Applied
ines/spacymoji,Applied
js3611/Deep-MRI-Reconstruction,Applied
luopeixiang/named_entity_recognition,Applied
swabhs/open-sesame,Applied
tebesu/CollaborativeMemoryNetwork,Applied
TropComplique/FaceBoxes-tensorflow,Applied
yuzcccc/vqa-mfb,Applied
Pzoom522/MusiCoder,Applied
LittletreeZou/Question-Pairs-Matching,Applied
lzx551402/geodesc,Applied
aerdem4/kaggle-quora-dup,Applied
atulapra/Emotion-detection,Applied
stoic1979/robovision,Applied
AliaksandrSiarohin/monkey-net,Applied
thushv89/attention_keras,Applied
sniklaus/pytorch-spynet,Applied
xiumingzhang/GenRe-ShapeHD,Applied
lonePatient/Bert-Multi-Label-Text-Classification,Applied
moranzcw/Zhihu-Spider,Applied
mtli/PhotoSketch,Applied
philipperemy/FX-1-Minute-Data,Applied
darwinex/DarwinexLabs,Applied
amansrivastava17/lstm-siamese-text-similarity,Applied
bbli/ml_board,Applied
benedekrozemberczki/SimGNN,Applied
kang205/SASRec,Applied
aliakbar09a/AI_plays_snake,Applied
ceciliavision/perceptual-reflection-removal,Applied
jiwoon-ahn/psa,Applied
kabkabm/defensegan,Applied
shehzaadzd/MINERVA,Applied
mikacuy/pointnetvlad,Applied
neeilan/DeepPlayByPlay,Applied
TimoBolkart/voca,Applied
ahmedbesbes/character-based-cnn,Applied
tamakoji/pytorch-syncbn,Applied
bigboNed3/chinese_ulmfit,Applied
CharlesPikachu/AIGames,Applied
deepinx/deep-face-alignment,Applied
xilaili/AOGNet,Applied
airalcorn2/RankNet,Applied
benedekrozemberczki/AttentionWalk,Applied
alexander-rakhlin/ICIAR2018,Applied
ducha-aiki/affnet,Applied
qipeng/gcn-over-pruned-trees,Applied
shaohua0116/Multiview2Novelview,Applied
zhaipro/easy12306,Applied
vuptran/graph-representation-learning,Applied
hendrycks/outlier-exposure,Applied
Connie-Wild/ChannelBreakoutBot,Applied
markjay4k/Audio-Spectrum-Analyzer-in-Python,Applied
nicola-decao/s-vae-pytorch,Applied
BLKSerene/Wordless,Applied
fferroni/PhasedLSTM-Keras,Applied
jasonlaska/spherecluster,Applied
tmthyjames/SQLCell,Applied
GMvandeVen/continual-learning,Applied
spotty-cloud/spotty,Applied
truskovskiyk/nima.pytorch,Applied
JayYip/bert-multitask-learning,Applied
shubhtuls/factored3d,Applied
zishansami102/CNN-from-Scratch,Applied
chovanecm/sacredboard,Applied
santhoshkolloju/Abstractive-Summarization-With-Transfer-Learning,Applied
josejimenezluna/pyGPGO,Applied
kentsyx/Neural-IMage-Assessment,Applied
hendrycks/robustness,Applied
vene/sparse-structured-attention,Applied
hfawaz/bigdata18,Applied
liuziwei7/voxel-flow,Applied
umbertogriffo/Predictive-Maintenance-using-LSTM,Applied
renjunxiang/Text-Classification,Applied
ksopyla/svm_mnist_digit_classification,Applied
lujiaying/MovieTaster-Open,Applied
noahfl/densenet-sdr,Applied
dfcf93/MSMARCO,Applied
Naman-ntc/Pytorch-Human-Pose-Estimation,Applied
AuCson/PyTorch-Batch-Attention-Seq2seq,Applied
Kyubyong/word2word,Applied
mondejar/ecg-classification,Applied
yuhaozhang/tacred-relation,Applied
sagiebenaim/DistanceGAN,Applied
mpuig/spacy-lookup,Applied
soskek/bert-chainer,Applied
ThibaultGROUEIX/3D-CODED,Applied
hfawaz/dl-4-tsc,Applied
trent-b/iterative-stratification,Applied
ZhixiuYe/NER-pytorch,Applied
alirezamika/evostra,Applied
momohuang/FlowQA,Applied
gpleiss/temperature_scaling,Applied
fcurella/django-recommends,Applied
gjy3035/C-3-Framework,Applied
philipperemy/Stanford-OpenIE-Python,Applied
vc1492a/PyNomaly,Applied
yongzhuo/nlp_xiaojiang,Applied
justusschock/shapenet,Applied
ScrappyZhang/python_web_Crawler_DA_ML_DL,Applied
tobegit3hub/ml_implementation,Applied
sniklaus/pytorch-pwc,Applied
akar43/lsm,Applied
bshaw19/Crypto_Trader,Applied
polyrabbit/hacker-news-digest,Applied
cmsflash/beauty-net,Applied
wkentaro/fcn,Applied
yongxuUSTC/sednn,Applied
msgi/nlp-journey,Applied
loli/medpy,Applied
JianWenJun/MLDemo,Applied
MaxHalford/xam,Applied
msamogh/nonechucks,Applied
Freemanzxp/GBDT_Simple_Tutorial,Applied
DagnyT/hardnet,Applied
anuragranj/cc,Applied
codebox/image_augmentor,Applied
Daniil-Osokin/lightweight-human-pose-estimation.pytorch,Applied
medipixel/rl_algorithms,Applied
yeyupiaoling/LearnPaddle,Applied
ankonzoid/artificio,Applied
lijx10/SO-Net,Applied
florianfesti/boxes,Applied
brightmart/ai_law,Applied
hahnyuan/nn_tools,Applied
gabrieleilertsen/hdrcnn,Applied
rgeirhos/Stylized-ImageNet,Applied
skyduy/CNN_keras,Applied
gregversteeg/corex_topic,Applied
xiadingZ/video-caption.pytorch,Applied
wvangansbeke/LaneDetection_End2End,Applied
gautam678/Pix2Depth,Applied
Huangying-Zhan/Depth-VO-Feat,Applied
fangchangma/sparse-to-dense.pytorch,Applied
Pattio/DeepSwarm,Applied
zsef123/EfficientNets-PyTorch,Applied
Jakobovski/free-spoken-digit-dataset,Applied
amirziai/sklearnflask,Applied
hankcs/multi-criteria-cws,Applied
sacmehta/ESPNetv2,Applied
jasonwei20/eda_nlp,Applied
dmbee/seglearn,Applied
eliorc/node2vec,Applied
mbeyeler/opencv-python-blueprints,Applied
blmoistawinde/HarvestText,Applied
ShawnyXiao/TextClassification-Keras,Applied
fangchangma/self-supervised-depth-completion,Applied
inejc/paragraph-vectors,Applied
5hirish/adam_qas,Applied
MillionIntegrals/vel,Applied
HunterMcGushion/hyperparameter_hunter,Applied
vi3k6i5/GuidedLDA,Applied
Tiiiger/SGC,Applied
smilelight/lightNLP,Applied
vietnguyen91/Yolo-v2-pytorch,Applied
oscarknagg/few-shot,Applied
lucasxlu/LagouJob,Applied
zhmiao/OpenLongTailRecognition-OLTR,Applied
guanfuchen/semseg,Applied
luheng/deep_srl,Applied
BenWhetton/keras-surgeon,Applied
cauchyturing/UCR_Time_Series_Classification_Deep_Learning_Baseline,Applied
imgarylai/bert-embedding,Applied
sebp/scikit-survival,Applied
arnoweng/CheXNet,Applied
titu1994/keras-squeeze-excite-network,Applied
felixgwu/img_classification_pk_pytorch,Applied
miguelvr/dropblock,Applied
richzhang/colorization-pytorch,Applied
omar178/Emotion-recognition,Applied
rafellerc/Pytorch-SiamFC,Applied
titu1994/LSTM-FCN,Applied
weihua916/powerful-gnns,Applied
eyounx/ZOOpt,Applied
hrpan/tetris_mcts,Applied
Atomu2014/product-nets,Applied
edublancas/sklearn-evaluation,Applied
f90/Wave-U-Net,Applied
weiaicunzai/pytorch-cifar100,Applied
KaiyangZhou/pytorch-center-loss,Applied
oswaldoludwig/Seq2seq-Chatbot-for-Keras,Applied
moemen95/Pytorch-Project-Template,Applied
akanimax/BMSG-GAN,Applied
XuezheMax/NeuroNLP2,Applied
sergeytulyakov/mocogan,Applied
ialhashim/DenseDepth,Applied
NUAA-AL/ALiPy,Applied
waspinator/pycococreator,Applied
ikostrikov/pytorch-flows,Applied
Doragd/Chinese-Chatbot-PyTorch-Implementation,Applied
nikitakit/self-attentive-parser,Applied
cgnorthcutt/benchmarking-keras-pytorch,Applied
k4yt3x/video2x,Applied
atulkum/pointer_summarizer,Applied
toodef/neural-pipeline,Applied
becauseofAI/MobileFace,Applied
GantMan/nsfw_model,Applied
ne7ermore/torch-light,Applied
stephenhky/PyShortTextCategorization,Applied
ChihebTrabelsi/deep_complex_networks,Applied
kaushalshetty/Structured-Self-Attention,Applied
graykode/gpt-2-Pytorch,Applied
benedekrozemberczki/graph2vec,Applied
aditya-vora/FCHD-Fully-Convolutional-Head-Detector,Applied
erickrf/nlpnet,Applied
DenisTome/Lifting-from-the-Deep-release,Applied
JustGlowing/minisom,Applied
BloodAxe/pytorch-toolbelt,Applied
jacobgil/keras-grad-cam,Applied
NeymarL/ChineseChess-AlphaZero,Applied
mravanelli/SincNet,Applied
lovit/soynlp,Applied
SeanLee97/xmnlp,Applied
dasguptar/treelstm.pytorch,Applied
qubvel/efficientnet,Applied
dragen1860/Deep-Learning-with-PyTorch-Tutorials,Applied
mseitzer/pytorch-fid,Applied
vecxoz/vecstack,Applied
BindsNET/bindsnet,Applied
ironman5366/W.I.L.L,Applied
movehand/raisr,Applied
voxelmorph/voxelmorph,Applied
keon/seq2seq,Applied
abhishekkrthakur/is_that_a_duplicate_quora_question,Applied
ResidentMario/py_d3,Applied
yuanming-hu/exposure,Applied
duxuhao/Feature-Selection,Applied
DrSleep/light-weight-refinenet,Applied
robertmartin8/MachineLearningStocks,Applied
wasidennis/AdaptSegNet,Applied
salu133445/musegan,Applied
songyouwei/ABSA-PyTorch,Applied
johannfaouzi/pyts,Applied
Bartzi/see,Applied
rushter/heamy,Applied
ChenRocks/fast_abs_rl,Applied
vietnguyen91/Super-mario-bros-A3C-pytorch,Applied
thombashi/sqlitebiter,Applied
fhamborg/news-please,Applied
earhian/Humpback-Whale-Identification-1st-,Applied
eladhoffer/seq2seq.pytorch,Applied
Cadene/vqa.pytorch,Applied
kevin-ssy/FishNet,Applied
philipperemy/keras-tcn,Applied
pavlin-policar/openTSNE,Applied
lufficc/SSD,Applied
kynan/nbstripout,Applied
Sierkinhane/CRNN_Chinese_Characters_Rec,Applied
jacobgil/pytorch-pruning,Applied
Lsdefine/attention-is-all-you-need-keras,Applied
devAmoghS/Machine-Learning-with-Python,Applied
kk7nc/Text_Classification,Applied
yaserkl/RLSeq2Seq,Applied
youyuge34/Anime-InPainting,Applied
foamliu/Deep-Image-Matting,Applied
tasdikrahman/vocabulary,Applied
ShuangLI59/person_search,Applied
philipperemy/keract,Applied
yu4u/noise2noise,Applied
MorvanZhou/Evolutionary-Algorithm,Applied
isht7/pytorch-deeplab-resnet,Applied
xvjiarui/GCNet,Applied
vinhkhuc/MemN2N-babi-python,Applied
alvations/pywsd,Applied
astorfi/3D-convolutional-speaker-recognition,Applied
bheinzerling/bpemb,Applied
YoongiKim/AutoCrawler,Applied
yjxiong/tsn-pytorch,Applied
nicodv/kmodes,Applied
ownthink/Jiagu,Applied
natanielruiz/deep-head-pose,Applied
deepmedic/deepmedic,Applied
sniklaus/pytorch-sepconv,Applied
titu1994/DenseNet,Applied
vietnguyen91/QuickDraw,Applied
Eric-mingjie/rethinking-network-pruning,Applied
chrismattmann/tika-python,Applied
rstojnic/lazydata,Applied
ShichenLiu/CondenseNet,Applied
jacobgil/pytorch-grad-cam,Applied
nok/sklearn-porter,Applied
trevorstephens/gplearn,Applied
stared/livelossplot,Applied
richzhang/PerceptualSimilarity,Applied
kimhc6028/relational-networks,Applied
experiencor/keras-yolo3,Applied
VivekPa/AIAlpha,Applied
brightmart/bert_language_understanding,Applied
Cartucho/mAP,Applied
yangyanli/PointCNN,Applied
wkentaro/pytorch-fcn,Applied
joeddav/devol,Applied
namisan/mt-dnn,Applied
despoisj/DeepAudioClassification,Applied
DeepLabCut/DeepLabCut,Applied
rhiever/datacleaner,Applied
bfelbo/DeepMoji,Applied
zhaoyingjun/chatbot,Applied
junyanz/BicycleGAN,Applied
gpleiss/efficient_densenet_pytorch,Applied
JasonKessler/scattertext,Applied
dongweiming/web_develop,Applied
ThoughtfulDev/EagleEye,Applied
r9y9/deepvoice3_pytorch,Applied
wzpan/wukong-robot,Applied
charlesq34/pointnet2,Applied
yysijie/st-gcn,Applied
hzwer/LearningToPaint,Applied
Hironsan/anago,Applied
crownpku/Information-Extraction-Chinese,Applied
adambielski/siamese-triplet,Applied
pierluigiferrari/ssd_keras,Applied
bjoernkarmann/project_alias,Applied
AlexiaJM/Deep-learning-with-cats,Applied
maxpumperla/elephas,Applied
ncullen93/torchsample,Applied
knazeri/edge-connect,Applied
KupynOrest/DeblurGAN,Applied
sksq96/pytorch-summary,Applied
ajbrock/BigGAN-PyTorch,Applied
kenshohara/3D-ResNets-PyTorch,Applied
benfred/implicit,Applied
foolwood/SiamMask,Applied
shenweichen/DeepCTR,Applied
philipperemy/keras-attention-mechanism,Applied
asappresearch/sru,Applied
avinashpaliwal/Super-SloMo,Applied
maciejkula/spotlight,Applied
thomasahle/sunfish,Applied
wb14123/seq2seq-couplet,Applied
cleardusk/3DDFA,Applied
meetshah1995/pytorch-semseg,Applied
quark0/darts,Applied
jisungk/deepjazz,Applied
amdegroot/ssd.pytorch,Applied
codertimo/BERT-pytorch,Applied
AKSHAYUBHAT/DeepVideoAnalytics,Applied
wkentaro/labelme,Applied
jadore801120/attention-is-all-you-need-pytorch,Applied
lmcinnes/umap,Applied
junyanz/iGAN,Applied
vi3k6i5/flashtext,Applied
iperov/DeepFaceLab,Applied
bbfamily/abu,Applied
sfyc23/EverydayWechat,Applied
lanpa/tensorboardX,Applied
sloria/TextBlob,Applied
aleju/imgaug,Applied
tzutalin/labelImg,Applied
lengstrom/fast-style-transfer,Applied
junyanz/pytorch-CycleGAN-and-pix2pix,Applied
tonybeltramelli/pix2code,Applied
deepfakes/faceswap,Applied
DongjunLee/quantified-self,Applied
rolczynski/Automatic-Speech-Recognition,Applied
asreview/asreview,Applied
wywongbd/pairstrade-fyp-2019,Applied
alextousss/wargames,Applied
gregwchase/eyenet,Applied
foamliu/Mobile-Image-Matting,Applied
flairNLP/flair,Applied
thisisiron/nmt-attention-tf2,Applied
MerceaOtniel/HybridAlpha,Applied
xiongma/chinese-law-bert-similarity,Applied
dllllb/ds-pipeline,Applied
PSLmodels/PCI-China,Applied
mgoubran/HippMapp3r,Applied
roclark/sportsipy,Applied
TalSchuster/CrossLingualContextualEmb,Applied
zlsh80826/MSMARCO,Applied
PaddlePaddle/ERNIE,Tool
georgesterpu/avsr-tf1,Tool
online-ml/river,Tool
googleapis/python-dialogflow,Tool
mideind/GreynirPackage,Tool
mideind/GreynirCorrect,Tool
scikit-learn-contrib/metric-learn,Tool
microsoft/graspologic,Tool
sraashis/deepdyn,Tool
ResponsiblyAI/responsibly,Tool
lab-ml/labml,Tool
adalca/neurite,Tool
IntelPython/sdc,Tool
quatrope/feets,Tool
photogeniq/texturize,Tool
microsoft/onnxconverter-common,Tool
ibnmalik/ibnmalik,Tool
modelhub-ai/modelhub-engine,Tool
thehyve/tmtk,Tool
triagemd/model-converters,Tool
DependableSystemsLab/TensorFI,Tool
gao-lab/Cell_BLAST,Tool
neptune-ai/neptune-client,Tool
unitn-sml/pyconstruct,Tool
delph-in/pydmrs,Tool
mideind/Icegrams,Tool
QuantGov/quantgov,Tool
autonomio/kerasplotlib,Tool
Aifred-Health/Vulcan-Old,Tool
IGITUGraz/L2L,Tool
Kontikilabs/alter-nlu,Tool
montefiore-ai/hypothesis,Tool
sisl/mechamodlearn,Tool
a2i2/surround,Tool
Aifred-Health/Vulcan,Tool
EthicallyAI/ethically,Tool
biolab/orange3-educational,Tool
dkpro/dkpro-cassis,Tool
SAP-samples/machine-learning-dgm,Tool
bsc-wdc/dislib,Tool
DeNA/ChainerPruner,Tool
uds-lsv/TF-NNLM-TK,Tool
ebu/benchmarkstt,Tool
TensorImage/tensorimage,Tool
AMinerOpen/prediction_api,Tool
src-d/modelforge,Tool
epic-kitchens/epic-kitchens-55-lib,Tool
medtagger/MedTagger,Tool
ecohealthalliance/EpiTator,Tool
openopt/copt,Tool
DIVA-DIA/DeepDIVA,Tool
neuronets/nobrainer,Tool
rosette-api/python,Tool
amadeus4dev/amadeus-python,Tool
ai-med/quickNAT_pytorch,Tool
guokr/Caver,Tool
koala-ai/tensorflow_nlp,Tool
mercury-ml-team/mercury-ml,Tool
Revmaker/innatis,Tool
sdv-dev/Copulas,Tool
kalekiu/easyesn,Tool
SangitaNLP/sangita,Tool
comic/grand-challenge.org,Tool
openAGI/tefla,Tool
larq/larq,Tool
zalandoresearch/famos,Tool
alan-turing-institute/skpro,Tool
PaddlePaddle/X2Paddle,Tool
NIHOPA/NLPre,Tool
openml/automlbenchmark,Tool
IndicoDataSolutions/Enso,Tool
SPFlow/SPFlow,Tool
Rostlab/nalaf,Tool
graknlabs/kglib,Tool
materialsvirtuallab/megnet,Tool
DigitalSlideArchive/HistomicsTK,Tool
src-d/ml,Tool
chakki-works/seqeval,Tool
openml/openml-python,Tool
naver/claf,Tool
scikit-multiflow/scikit-multiflow,Tool
onnx/onnx-caffe2,Tool
scikit-learn-contrib/polylearn,Tool
inferno-pytorch/inferno,Tool
microsoft/NimbusML,Tool
googleapis/dialogflow-python-client-v2,Tool
GRAAL-Research/poutyne,Tool
tensorflow/addons,Tool
menpo/menpo,Tool
feedly/transfer-nlp,Tool
chakki-works/sumeval,Tool
chainer/chainer-chemistry,Tool
creme-ml/creme,Tool
THUNLP-MT/THUMT,Tool
explosion/spacy-models,Tool
openeventdata/mordecai,Tool
logpai/loglizer,Tool
onnx/onnx-tensorflow,Tool
CPJKU/madmom,Tool
nyu-mll/jiant,Tool
ottogroup/palladium,Tool
modAL-python/modAL,Tool
EducationalTestingService/skll,Tool
pytorch/translate,Tool
Maluuba/nlg-eval,Tool
inspirehep/magpie,Tool
nilearn/nilearn,Tool
cltk/cltk,Tool
IntelPython/hpat,Tool
undertheseanlp/underthesea,Tool
fastnlp/fastNLP,Tool
kornia/kornia,Tool
chainer/chainerrl,Tool
metric-learn/metric-learn,Tool
oracle/Skater,Tool
Accenture/AmpliGraph,Tool
tensorflow/privacy,Tool
torchgan/torchgan,Tool
awslabs/sockeye,Tool
optuna/optuna,Tool
google/uis-rnn,Tool
datamade/usaddress,Tool
pytorch/tnt,Tool
explosion/thinc,Tool
chainer/chainercv,Tool
tensorflow/ranking,Tool
microsoft/dowhy,Tool
microsoft/NeuronBlocks,Tool
chartbeat-labs/textacy,Tool
thu-ml/zhusuan,Tool
pytorch/text,Tool
biolab/orange3,Tool
pytorch/ignite,Tool
stanfordnlp/stanfordnlp,Tool
Tencent/PocketFlow,Tool
skorch-dev/skorch,Tool
RasaHQ/rasa_core,Tool
dmlc/dgl,Tool
dmlc/gluon-cv,Tool
snipsco/snips-nlu,Tool
iterative/dvc,Tool
microsoft/nni,Tool
OpenMined/PySyft,Tool
scikit-learn-contrib/imbalanced-learn,Tool
NervanaSystems/neon,Tool
microsoft/MMdnn,Tool
cleverhans-lab/cleverhans,Tool
chainer/chainer,Tool
zalandoresearch/flair,Tool
allenai/allennlp,Tool
clips/pattern,Tool
ray-project/ray,Tool
nltk/nltk,Tool
tensorflow/tensor2tensor,Tool
RaRe-Technologies/gensim,Tool
explosion/spaCy,Tool
scikit-learn/scikit-learn,Tool
weizhenzhao/rasa_nlu,Tool
adines/DeepClas4Bio,Tool
Jopepato/SMiLE,Tool
Kashu7100/Qualia2.0,Tool
koulanurag/conformal,Tool
lai-bluejay/diego,Tool
lambdaofgod/findkit,Tool
vdorobantu/lyapy,Tool
Wason1797/Nn-Learn-Lib,Tool
alexanderkroner/saliency,Tool
cod3licious/nlputils,Tool
fwilliams/fml,Tool
Hourout/tensorcv,Tool
Hourout/tensordata,Tool
jmaggio14/imagepypelines,Tool
jxx123/fireTS,Tool
lzfelix/minuet,Tool
plstcharles/thelper,Tool
serengil/neural-networks-py,Tool
yasufumy/pipelib,Tool
eliorc/denzel,Tool
fabianmax/ML-Automation,Tool
familyld/DeepCF,Tool
sraashis/ature,Tool
weiHelloWorld/accelerated_sampling_with_autoencoder,Tool
yhangf/mimose,Tool
akoury/ml-helper,Tool
andriyadi/Maix-LogoClassifier,Tool
delzac/cntkx,Tool
DreamingRaven/nemesyst,Tool
loginn/ngrams_graphs,Tool
manuwhs/Trapyng,Tool
sergeyshilin/kaggle-competitions-framework,Tool
xinjli/pytensor,Tool
alvations/wordnet,Tool
electronick1/stepist,Tool
hav4ik/Hydra,Tool
ichibod/object-detection-for-coreml,Tool
proycon/foliapy,Tool
wq2012/SimpleDER,Tool
arguiot/Neuron,Tool
arthurpaulino/miraiml,Tool
johnolafenwa/TorchFusion-Utils,Tool
raahii/video-gans-evaluation,Tool
Roulbac/GanSeg,Tool
sebgao/cTensor,Tool
iamDecode/sklearn-pmml-model,Tool
jmwoloso/pychattr,Tool
redone17/deep-sensor,Tool
bedapudi6788/txt2txt,Tool
JohnVinyard/zounds,Tool
summit1993/I-am-Super,Tool
vc1492a/henosis,Tool
cong/ros_tensorflow,Tool
Narasimha1997/bzCompute,Tool
proycon/python-timbl,Tool
ryfeus/gcf-packs,Tool
benedekrozemberczki/EgoSplitting,Tool
cschoeller/pycandle,Tool
karolzak/keras-unet,Tool
yxonic/fret,Tool
keithjjones/malgazer,Tool
yubin-park/bonsai-dt,Tool
funkey/gunpowder,Tool
lRomul/argus,Tool
nicklhy/DLInfBench,Tool
jefkine/zeta-learn,Tool
Adnios/Tensorflow,Tool
volotat/GANLib,Tool
serengil/chefboost,Tool
sfischer13/python-arpa,Tool
nielstron/quantulum3,Tool
crcollins/molml,Tool
jfilter/text-classification-keras,Tool
nlgranger/SeqTools,Tool
SekouD/mlconjug,Tool
stevewyl/nlp_toolkit,Tool
rodrigobressan/entity_embeddings_categorical,Tool
golsun/SpaceFusion,Tool
proycon/python-ucto,Tool
chrislit/abydos,Tool
prihoda/golem,Tool
lambdaloop/anipose,Tool
lucasrodes/whatstk,Tool
rsokl/MyGrad,Tool
wmkouw/libTLDA,Tool
iver56/audiomentations,Tool
JiahuiYu/neuralgym,Tool
shuguang-52/FDSSC,Tool
yasufumy/lineflow,Tool
danielelic/deep-segmentation,Tool
kaushalshetty/FeatureSelectionGA,Tool
MisaOgura/flashtorch,Tool
akosiorek/forge,Tool
shibing624/text-classifier,Tool
epwalsh/nlp-models,Tool
0411tony/Yue,Tool
raamana/neuropredict,Tool
raviqqe/tensorflow-qnd,Tool
lozuwa/impy,Tool
exelban/tensorflow-cifar-10,Tool
omimo/PyMO,Tool
williamSYSU/TextGAN-PyTorch,Tool
bhargavvader/pycobra,Tool
vacancy/SceneGraphParser,Tool
silvandeleemput/memcnn,Tool
huanglianghua/open-vot,Tool
adalca/neuron,Tool
fukatani/stacked_generalization,Tool
brandonrobertz/SparseLSH,Tool
Refefer/Dampr,Tool
vzhong/embeddings,Tool
csxeba/brainforge,Tool
bmcfee/muda,Tool
arunponnusamy/cvlib,Tool
ysig/GraKeL,Tool
nschaetti/EchoTorch,Tool
wkcn/MobulaOP,Tool
Mariewelt/OpenChem,Tool
lixinsu/RCZoo,Tool
antoinecarme/pyaf,Tool
tkrabel/edaviz,Tool
vzhou842/profanity-check,Tool
kermitt2/delft,Tool
r9y9/nnmnkwii,Tool
keiffster/program-y,Tool
johnolafenwa/TorchFusion,Tool
achaiah/pywick,Tool
bamos/block,Tool
PyTorchLightning/pytorch-lightning,Tool
ylongqi/openrec,Tool
MaxHalford/prince,Tool
Thenerdstation/mltest,Tool
J535D165/recordlinkage,Tool
thombashi/pytablewriter,Tool
proycon/pynlpl,Tool
PythonOT/POT,Tool
ljvmiranda921/pyswarms,Tool
MIC-DKFZ/medicaldetectiontoolkit,Tool
shawnwun/RNNLG,Tool
perone/medicaltorch,Tool
Zulko/easyAI,Tool
flennerhag/mlens,Tool
annoviko/pyclustering,Tool
kengz/SLM-Lab,Tool
tslearn-team/tslearn,Tool
sepandhaghighi/pycm,Tool
BrikerMan/Kashgari,Tool
ibayer/fastFM,Tool
Cysu/open-reid,Tool
zhanghang1989/PyTorch-Encoding,Tool
ZhaoJ9014/face.evoLVe.PyTorch,Tool
alfredfrancis/ai-chatbot-framework,Tool
PetrochukM/PyTorch-NLP,Tool
chiphuyen/lazynlp,Tool
reiinakano/scikit-plot,Tool
yzhao062/pyod,Tool
rasbt/mlxtend,Tool
albumentations-team/albumentations,Tool
1adrianb/face-alignment,Tool
OlafenwaMoses/ImageAI,Tool
ddbourgin/numpy-ml,Tool
eriklindernoren/Keras-GAN,Tool
gunthercox/ChatterBot,Tool
ageitgey/face_recognition,Tool